,Change Attribute Type,Change Parameter Type,Change Return Type,Change Variable Type,Move Class,Rename Attribute,Rename Class,Rename Method,Rename Parameter,Rename Variable
3156,0,1,0,1,0,0,1,0,0,0
1032,0,0,0,0,0,0,0,0,1,0
3041,1,1,1,1,1,1,0,0,1,0
1896,0,0,0,0,0,0,0,0,1,0
123,1,1,1,1,1,1,0,0,1,1
3047,1,1,1,1,1,1,0,0,1,0
2651,1,1,1,1,1,1,1,1,1,1
220,1,0,0,0,0,1,0,0,0,0
819,1,1,0,1,0,0,1,1,1,1
3248,1,1,0,0,0,0,0,0,1,0
358,1,1,1,1,1,0,0,0,0,0
100,1,1,0,1,0,1,0,0,1,1
2951,0,0,0,0,0,0,0,1,1,0
551,1,0,0,0,1,1,0,1,0,1
2090,0,0,0,0,0,0,1,0,0,1
1918,1,0,1,1,1,1,0,1,0,1
259,0,0,0,0,1,0,0,1,1,1
3097,0,1,1,1,0,1,0,1,1,1
2564,1,1,1,1,0,1,0,1,1,1
2933,0,0,0,0,0,0,0,1,0,1
1174,1,0,0,1,1,0,0,0,0,0
2042,1,0,0,0,0,1,0,0,0,1
2686,1,1,1,1,1,1,1,1,1,1
1113,1,0,0,0,0,0,0,0,0,0
2600,1,1,1,1,1,0,1,1,0,0
2010,0,0,0,0,0,0,0,0,1,0
456,1,0,0,0,1,1,0,1,0,1
1978,0,0,0,0,1,1,0,1,1,1
381,0,0,0,1,0,0,0,0,0,1
3125,1,1,1,1,0,1,0,1,0,1
1538,0,0,0,0,0,0,0,0,1,0
2174,0,0,0,0,0,0,0,0,0,1
1010,1,1,0,0,1,0,1,0,0,0
1134,0,0,0,1,0,0,0,0,0,0
2423,0,0,0,1,0,0,0,0,0,0
662,1,0,0,0,1,1,0,1,0,1
3038,1,1,1,1,0,0,0,1,0,0
1272,0,1,1,0,0,0,0,0,0,0
1784,1,1,1,0,1,0,0,0,0,0
2636,1,1,1,1,1,1,1,1,1,1
2934,0,0,0,0,0,0,0,1,0,1
1675,1,1,1,1,0,0,1,0,0,0
845,1,1,0,1,0,0,1,1,1,1
542,1,0,0,0,1,1,0,1,0,1
1644,1,1,1,1,0,0,1,0,0,0
2562,1,1,1,1,0,1,0,1,1,1
1124,0,0,1,0,1,0,0,0,0,0
2258,0,0,0,1,0,0,0,0,0,1
2334,0,0,0,0,0,0,1,0,0,0
2436,0,0,1,1,1,0,0,0,0,0
3021,0,0,0,0,0,0,0,1,0,0
2463,0,1,0,1,0,0,0,0,1,1
1048,0,0,1,0,0,0,0,0,0,0
2387,0,0,0,0,0,1,0,0,0,0
1812,1,0,0,0,0,1,0,0,0,0
2459,0,0,0,0,0,1,0,0,0,0
2862,1,1,0,0,1,1,0,0,1,0
237,0,0,1,0,0,0,0,0,0,0
1068,0,0,0,0,0,0,1,0,0,1
2028,0,0,1,1,0,1,0,1,1,1
2622,0,0,0,1,0,0,0,0,1,0
2298,1,1,1,1,1,1,1,1,1,1
163,0,0,0,0,0,0,0,0,0,1
1411,1,1,1,1,1,0,1,0,1,0
252,0,0,0,0,0,1,0,0,0,1
3213,0,0,0,0,0,0,0,1,0,0
1963,0,0,0,0,0,0,1,0,0,0
930,1,1,1,1,0,1,1,1,1,1
1475,1,1,1,1,1,0,1,0,1,0
1204,0,0,0,0,0,0,1,0,0,0
1477,1,1,1,1,1,0,1,0,1,0
3142,0,0,0,0,0,1,0,0,1,0
2443,0,0,0,0,0,1,0,0,1,1
2493,1,0,1,1,0,0,0,1,1,1
1956,0,0,0,1,0,0,0,0,0,1
2678,1,1,0,1,0,0,0,0,1,0
2321,0,1,0,1,0,1,0,1,1,1
677,0,0,0,0,0,0,0,0,0,1
41,0,0,0,1,0,0,0,0,1,1
3049,1,1,1,1,1,1,0,0,1,0
2313,1,1,0,1,0,0,0,0,0,0
2420,0,0,1,0,0,0,0,1,0,0
243,0,0,0,0,0,0,0,1,0,0
1822,0,0,0,0,0,0,0,1,1,0
3286,1,1,1,1,1,1,1,0,1,0
2907,1,0,0,1,0,1,0,0,0,1
261,1,0,1,0,0,1,0,0,0,0
1132,0,0,0,0,0,0,1,0,1,0
834,1,1,0,1,0,0,1,1,1,1
2591,1,1,1,1,0,0,1,1,0,1
1181,0,1,1,0,0,1,0,1,1,0
1789,1,0,0,0,0,1,0,0,0,0
2730,1,1,1,1,0,1,1,1,0,1
340,1,0,1,0,0,0,0,1,0,1
1563,0,0,0,0,0,0,0,0,1,0
748,0,1,1,0,0,0,1,1,1,1
1611,0,0,1,0,1,0,0,0,0,0
480,1,0,0,0,1,1,0,1,0,1
1178,1,0,0,1,1,0,0,0,0,0
1718,1,1,1,1,0,0,1,0,0,0
1432,1,1,1,1,1,0,1,0,1,0
783,1,0,0,0,0,0,1,1,1,0
2878,0,0,0,1,0,0,0,1,0,1
2584,1,1,1,1,0,0,1,1,0,1
2694,1,1,1,1,1,1,1,1,1,1
3303,1,1,1,0,0,0,1,0,0,0
2096,0,0,0,0,0,0,1,0,0,1
2379,0,0,0,0,0,1,0,0,0,0
3074,0,1,0,0,1,0,0,0,1,1
2706,1,1,1,1,1,1,1,1,1,1
2376,1,1,1,1,0,1,1,1,1,1
1268,0,0,0,1,1,0,0,0,0,0
1425,1,1,1,1,1,0,1,0,1,0
626,1,0,0,0,1,1,0,1,0,1
347,0,0,0,0,1,0,0,0,0,0
2534,1,1,1,1,1,1,0,0,1,1
3085,1,1,1,1,0,1,0,1,1,1
979,0,0,0,0,0,0,0,0,1,0
2891,1,1,1,1,0,0,0,1,0,0
1381,0,0,1,0,1,0,0,0,0,0
911,1,1,1,1,0,1,1,1,1,1
2098,0,0,0,0,0,0,0,0,0,1
632,1,0,0,0,1,1,0,1,0,1
1376,0,0,1,0,1,0,0,0,0,0
445,1,0,0,0,1,1,0,1,0,1
617,1,0,0,0,1,1,0,1,0,1
2447,1,1,1,1,0,1,1,1,1,1
1737,0,1,1,1,0,0,0,1,0,1
1840,0,0,0,0,1,0,0,0,0,0
2517,1,1,1,1,0,1,0,1,1,1
2851,0,0,0,0,0,0,0,0,0,1
1748,0,1,1,1,0,0,0,1,0,1
1808,1,0,1,1,0,1,0,0,1,1
353,0,0,0,0,1,0,0,0,0,0
613,1,0,0,0,1,1,0,1,0,1
2022,1,1,1,1,0,1,0,0,1,1
2603,1,1,1,1,1,0,1,1,0,0
3090,1,1,1,1,0,1,0,1,1,1
57,0,0,1,0,0,0,0,1,0,0
1446,1,1,1,1,1,0,1,0,1,0
3019,1,0,0,0,0,1,0,0,1,0
2457,0,0,0,0,1,0,1,0,0,0
2801,0,0,0,0,1,0,0,0,0,0
2982,0,0,0,0,0,1,0,0,0,0
1878,1,0,1,0,0,0,0,1,1,1
1862,0,0,0,0,0,0,0,0,0,1
1351,0,0,1,0,0,0,0,0,0,0
3204,0,0,0,1,0,0,0,0,0,0
2970,0,1,0,0,0,0,0,0,0,0
560,1,0,0,0,1,1,0,1,0,1
707,1,1,0,0,0,1,0,1,1,1
1171,1,0,0,1,1,0,0,0,0,0
424,0,1,1,1,0,0,0,0,0,1
1093,0,0,1,0,0,0,0,1,0,0
647,1,0,0,0,1,1,0,1,0,1
72,1,1,1,1,0,0,0,0,0,0
1499,1,1,1,1,1,0,1,0,1,0
1340,0,0,0,0,0,0,1,0,0,0
2642,1,1,1,1,1,1,1,1,1,1
1005,0,0,1,1,1,0,0,1,1,1
620,1,0,0,0,1,1,0,1,0,1
1514,1,1,1,1,1,0,1,0,1,0
553,0,1,0,0,0,0,1,0,1,1
2353,0,0,0,0,0,0,0,1,1,0
3218,0,0,0,1,0,0,0,0,0,1
1877,1,0,1,0,0,0,0,1,1,1
998,1,0,0,0,0,0,0,0,0,0
1543,0,1,0,0,0,0,0,0,0,0
1468,1,1,1,1,1,0,1,0,1,0
3066,0,1,0,0,1,0,0,0,1,1
3332,1,1,1,1,0,1,0,1,1,0
1859,1,1,0,1,1,1,1,0,1,1
440,1,0,0,0,1,1,0,1,0,1
508,1,0,0,0,1,1,0,1,0,1
1100,1,1,1,0,0,1,0,1,0,0
589,1,0,0,0,1,1,0,1,0,1
1398,1,0,1,0,0,0,0,0,0,0
649,1,0,0,0,1,1,0,1,0,1
2118,0,0,0,0,0,0,0,1,0,1
1885,0,1,0,0,0,1,0,1,1,0
1491,1,1,1,1,1,0,1,0,1,0
1511,1,1,1,1,1,0,1,0,1,0
660,1,0,0,0,1,1,0,1,0,1
630,1,0,0,0,1,1,0,1,0,1
1584,1,1,1,0,0,0,0,0,0,0
1233,0,0,0,0,1,0,0,0,1,0
482,1,0,0,0,1,1,0,1,0,1
3155,0,1,0,1,0,0,1,0,0,0
2864,1,1,0,0,1,1,0,0,1,0
1377,0,0,1,0,1,0,0,0,0,0
3229,0,0,0,1,0,0,0,0,0,1
2170,1,1,1,1,0,1,0,1,0,1
1949,1,1,0,1,1,1,1,1,1,0
856,1,1,0,1,0,0,1,1,1,1
1190,0,1,0,0,0,0,1,0,0,1
1652,1,1,1,1,0,0,1,0,0,0
530,1,0,0,0,1,1,0,1,0,1
2246,1,0,1,1,1,0,1,1,0,0
49,1,0,0,1,0,0,0,0,0,0
858,1,1,0,1,0,0,1,1,1,1
2155,0,0,0,0,0,1,0,0,0,0
1072,0,0,1,0,0,0,0,0,0,0
719,1,0,0,0,0,1,0,0,0,0
2962,1,1,0,0,0,1,0,1,1,0
3012,1,0,0,1,0,1,0,1,0,1
2929,1,1,1,1,0,1,0,1,0,1
1637,1,1,1,1,0,0,1,0,0,0
1847,0,0,0,0,1,0,0,0,0,0
2384,0,0,0,0,0,1,0,0,0,0
1626,1,1,1,1,0,0,1,0,0,0
2499,1,1,1,1,0,1,0,1,1,1
1623,0,0,0,0,1,0,1,0,0,0
2307,0,0,0,0,1,0,0,0,0,1
1565,0,0,1,0,0,0,0,0,0,0
1251,1,1,1,1,0,0,0,1,0,0
3305,1,1,1,0,0,0,1,0,0,0
2398,0,0,0,0,0,1,0,0,0,0
1195,0,0,0,0,1,0,1,0,0,1
1442,1,1,1,1,1,0,1,0,1,0
2938,0,1,0,0,0,0,0,1,0,0
1866,0,0,0,0,0,0,0,0,0,1
297,0,0,0,0,1,0,0,0,0,0
1502,1,1,1,1,1,0,1,0,1,0
3056,1,1,1,1,1,1,0,0,1,0
958,0,0,1,0,0,0,0,0,0,0
3137,0,0,0,1,0,0,0,1,0,0
2087,0,0,0,0,0,0,1,0,0,1
1370,0,0,1,0,1,0,0,0,0,0
2407,0,1,0,0,0,0,0,1,1,0
349,0,0,0,0,1,0,0,0,0,0
2917,0,0,1,1,0,0,0,1,0,1
643,1,0,0,0,1,1,0,1,0,1
2342,0,0,0,0,0,0,0,1,1,0
2129,0,0,0,0,0,1,0,0,0,0
669,0,0,0,0,0,0,0,1,0,0
1566,0,0,0,0,1,0,0,0,0,0
2749,1,0,0,1,1,0,0,1,0,0
1295,0,0,0,0,0,0,0,0,0,1
1179,1,0,0,1,1,0,0,0,0,0
2093,0,0,0,0,0,0,1,0,0,1
1313,0,0,0,0,0,0,0,1,1,0
2653,1,1,1,1,1,1,1,1,1,1
2154,0,0,0,0,0,1,0,0,0,0
1938,1,1,1,1,0,1,1,1,1,1
786,1,0,0,0,0,0,1,1,1,0
3009,0,0,0,0,0,0,0,1,0,0
140,0,0,0,0,0,1,0,0,0,0
788,1,0,0,0,0,0,1,1,1,0
1950,1,1,0,1,1,1,1,1,1,0
2273,0,1,0,1,0,1,0,0,0,1
714,0,1,0,0,0,0,0,0,1,0
1660,1,1,1,1,0,0,1,0,0,0
2382,0,0,0,0,0,1,0,0,0,0
1846,0,0,0,0,1,0,0,0,0,0
3146,0,0,0,1,0,0,0,0,0,0
1813,0,0,0,0,0,0,0,0,0,1
1907,1,1,1,1,0,1,1,1,1,1
618,1,0,0,0,1,1,0,1,0,1
406,0,0,0,0,0,0,0,1,0,1
2414,1,1,0,0,1,0,1,1,0,1
1995,0,0,0,1,0,0,0,1,0,1
1344,0,0,1,0,0,0,0,0,0,0
3068,0,1,0,0,1,0,0,0,1,1
2009,0,0,0,0,0,0,0,0,1,0
497,1,0,0,0,1,1,0,1,0,1
342,1,0,1,0,0,0,0,1,0,1
2176,0,0,0,0,0,0,0,0,0,1
2538,0,0,0,1,0,0,0,0,1,1
782,1,0,0,0,0,0,1,1,1,0
2112,1,1,1,1,0,0,1,1,0,1
303,0,0,1,1,0,0,0,0,0,1
2741,1,0,0,1,1,0,0,1,0,0
3300,1,1,1,0,0,0,1,0,0,0
664,1,0,0,0,1,1,0,1,0,1
1177,1,0,0,1,1,0,0,0,0,0
1244,0,1,0,0,0,0,1,1,0,1
2045,0,0,0,0,0,0,0,0,0,1
2632,1,1,1,1,1,1,1,1,1,1
1807,0,1,0,0,1,0,1,0,0,0
3081,1,1,1,1,0,1,0,1,1,1
84,1,1,0,1,0,1,0,0,0,0
2847,1,1,1,1,0,1,0,1,1,1
941,0,0,1,0,0,0,0,0,0,0
961,0,1,0,0,0,1,1,1,0,1
841,1,1,0,1,0,0,1,1,1,1
3333,0,0,0,1,0,0,0,0,0,1
2656,1,1,1,1,1,1,1,1,1,1
1462,1,1,1,1,1,0,1,0,1,0
3185,0,0,0,1,0,0,0,0,0,0
1600,1,0,1,0,0,0,0,0,0,0
290,1,1,1,1,0,1,0,1,1,1
2144,0,0,0,0,0,1,0,0,0,0
1487,1,1,1,1,1,0,1,0,1,0
604,1,0,0,0,1,1,0,1,0,1
2281,1,1,0,1,1,0,0,1,1,1
916,1,1,1,1,0,1,1,1,1,1
2818,1,1,1,1,0,1,1,1,1,1
2351,0,0,0,0,0,0,0,1,1,0
1099,1,1,0,1,0,1,0,1,0,0
1088,1,0,0,0,0,0,0,0,0,0
2915,1,1,1,0,0,0,0,0,0,0
2417,0,1,0,1,0,0,0,1,1,0
821,1,1,0,1,0,0,1,1,1,1
2755,1,0,0,1,1,0,0,1,0,0
1302,1,1,1,0,0,0,0,0,0,0
1000,0,0,0,0,0,0,0,0,0,1
3114,0,0,1,0,1,0,0,0,0,0
18,0,0,0,0,0,0,0,0,1,0
493,1,0,0,0,1,1,0,1,0,1
1125,0,1,0,1,0,1,0,1,1,1
3192,0,0,0,1,0,0,0,0,0,0
2057,0,0,0,0,0,0,1,0,0,0
2023,1,1,1,1,0,1,0,0,1,1
1577,0,1,0,0,0,0,0,0,0,0
2372,1,1,1,1,0,1,1,1,1,1
3315,0,0,1,0,0,0,0,1,0,0
3291,0,1,1,0,0,0,0,0,0,0
1873,0,0,0,1,0,0,0,0,0,0
1385,0,0,1,0,1,0,0,0,0,0
2259,0,0,0,1,0,0,0,0,0,1
3175,0,0,0,1,0,0,0,0,0,0
1009,0,0,0,0,0,0,0,1,0,0
2698,1,1,1,1,1,1,1,1,1,1
360,1,1,1,1,1,0,0,0,0,0
2856,0,0,1,1,1,0,0,1,1,1
3057,1,1,1,1,1,1,0,0,1,0
2611,1,1,0,0,0,0,0,0,0,0
1310,1,1,1,1,1,0,0,0,0,0
2069,0,0,1,0,0,0,0,0,0,0
1392,0,0,1,0,1,0,0,0,0,0
1578,1,0,0,0,0,0,1,0,0,0
2466,1,0,1,0,0,1,0,0,1,0
344,0,0,0,0,1,0,0,0,0,0
986,0,0,0,0,0,0,0,1,0,0
1592,0,1,0,0,0,0,0,0,0,0
743,1,1,1,1,0,1,0,1,1,1
2381,0,0,0,0,0,1,0,0,0,0
2453,0,0,0,0,1,0,1,0,0,0
113,0,0,0,0,0,1,0,1,1,1
1366,0,0,1,0,1,0,0,0,0,0
1241,1,1,0,0,0,0,1,0,0,0
1142,0,0,0,0,0,0,0,1,0,0
1991,0,0,0,0,0,1,0,1,1,1
1216,0,1,0,0,0,0,0,0,0,0
1198,0,0,1,0,0,0,0,0,0,0
85,1,1,0,1,0,1,0,0,0,0
2310,1,1,0,1,0,0,0,0,0,0
668,0,1,0,1,1,1,0,1,1,1
1014,0,0,1,1,0,0,0,1,0,0
128,0,0,0,0,0,1,0,0,0,0
2800,0,0,0,0,1,0,0,0,0,0
1954,0,0,0,0,0,0,0,1,0,0
891,1,1,1,1,0,1,1,1,1,1
2163,0,0,0,0,0,1,0,0,0,0
1359,0,0,1,0,1,0,0,0,0,0
307,0,1,0,0,0,0,0,0,0,0
383,0,1,0,1,0,0,0,0,0,1
150,0,0,0,1,0,0,0,0,0,1
1317,1,1,1,0,0,0,0,0,0,0
2272,1,0,1,1,1,1,1,1,0,1
2194,0,0,0,0,0,0,0,0,0,1
426,0,0,0,1,0,0,0,0,0,1
494,1,0,0,0,1,1,0,1,0,1
1207,0,0,0,0,0,0,0,1,0,0
1764,1,1,0,0,0,0,1,0,0,0
1977,0,0,0,0,1,1,0,1,1,1
1208,0,0,0,0,0,0,1,0,0,0
2563,1,1,1,1,0,1,0,1,1,1
2713,1,1,1,1,0,1,1,1,1,1
2462,0,1,0,1,0,0,0,0,1,1
2550,0,0,0,1,0,0,0,0,1,1
1239,1,1,1,1,0,0,0,1,0,1
3067,0,1,0,0,1,0,0,0,1,1
2130,0,0,0,0,0,1,0,0,0,0
275,0,0,0,1,0,0,0,0,0,0
489,1,0,0,0,1,1,0,1,0,1
3296,0,0,0,0,0,0,0,0,0,1
1229,1,1,1,1,0,0,1,1,1,0
690,0,0,0,1,0,1,0,1,1,1
3216,0,0,0,1,0,0,0,0,0,1
3139,0,0,0,1,0,0,0,1,0,0
1450,1,1,1,1,1,0,1,0,1,0
1506,1,1,1,1,1,0,1,0,1,0
2470,0,0,0,0,0,0,0,1,0,0
2328,0,0,0,0,0,0,1,0,0,0
1058,0,0,0,0,0,0,0,0,0,1
118,1,0,1,1,1,1,1,1,1,1
1024,0,0,0,0,0,0,0,1,0,0
1769,1,1,0,0,0,0,1,0,0,0
281,0,0,1,1,0,0,0,1,0,1
1889,0,0,0,0,0,1,0,1,0,0
1316,0,0,0,0,0,0,1,0,0,0
2610,1,1,0,0,0,0,0,0,0,0
968,1,1,0,0,0,0,0,0,0,0
1454,1,1,1,1,1,0,1,0,1,0
1494,1,1,1,1,1,0,1,0,1,0
1842,0,0,0,0,1,0,0,0,0,0
2020,1,1,1,1,0,1,0,0,1,1
2754,1,0,0,1,1,0,0,1,0,0
155,0,0,0,0,1,0,0,0,0,0
304,0,0,1,0,0,0,0,1,0,1
2643,1,1,1,1,1,1,1,1,1,1
2850,1,1,1,1,0,1,1,1,1,1
1721,1,1,1,1,0,0,1,0,0,0
2473,1,1,1,1,1,1,0,1,1,1
2507,1,1,1,1,0,1,0,1,1,1
1307,1,1,1,1,1,0,0,0,0,0
1730,1,1,1,1,0,0,1,0,0,0
575,1,0,0,0,1,1,0,1,0,1
2335,1,1,1,0,0,1,1,1,1,1
2874,1,0,0,1,1,1,0,1,1,1
3103,1,0,0,0,1,0,0,0,0,0
1299,0,0,0,0,0,1,0,1,0,1
1793,0,0,1,0,1,0,0,0,0,0
1667,1,1,1,1,0,0,1,0,0,0
2691,1,1,1,1,1,1,1,1,1,1
3036,0,0,0,1,0,0,0,1,0,1
843,1,1,0,1,0,0,1,1,1,1
1588,0,0,0,0,1,0,0,0,0,0
269,1,0,0,0,0,0,0,1,1,1
629,1,0,0,0,1,1,0,1,0,1
1033,0,0,0,0,0,0,0,0,1,0
1850,0,0,0,0,1,0,0,0,0,0
286,1,1,1,1,0,1,0,1,1,1
1326,1,1,1,1,0,0,0,0,0,1
2477,1,1,1,1,1,1,0,1,1,1
300,0,0,1,1,0,0,0,0,0,1
1713,1,1,1,1,0,0,1,0,0,0
2383,0,0,0,0,0,1,0,0,0,0
2077,1,1,1,1,0,1,0,0,0,0
1662,1,1,1,1,0,0,1,0,0,0
65,0,0,1,0,0,0,0,1,0,0
2486,1,1,1,1,1,1,0,1,1,1
890,1,1,1,1,0,1,1,1,1,1
2898,0,0,0,1,0,0,0,0,0,1
2912,0,0,0,1,0,0,1,0,0,1
2113,1,1,1,1,0,0,1,1,0,1
2044,0,0,0,0,0,0,0,0,0,1
230,0,0,0,1,0,0,0,0,1,1
503,1,0,0,0,1,1,0,1,0,1
2408,0,1,0,0,0,0,0,1,1,0
1714,1,1,1,1,0,0,1,0,0,0
1826,0,0,0,0,0,0,0,1,0,0
1554,0,1,0,1,0,1,0,0,0,0
1004,0,0,1,1,1,0,0,1,1,1
836,1,1,0,1,0,0,1,1,1,1
1948,1,1,0,1,1,1,1,1,1,0
374,0,0,0,0,0,0,0,1,0,0
1580,0,1,0,0,0,0,0,0,1,0
2935,0,0,0,0,0,0,0,1,0,1
2483,1,1,1,1,1,1,0,1,1,1
939,1,0,1,0,0,0,0,0,0,0
1321,0,0,0,0,0,0,0,1,0,0
2320,0,1,0,1,0,1,0,1,1,1
751,1,1,1,1,0,1,1,1,1,0
99,0,0,0,1,0,1,0,1,0,0
2108,0,1,0,0,0,0,1,1,0,0
866,1,1,0,1,0,0,1,1,1,1
910,1,1,1,1,0,1,1,1,1,1
1674,1,1,1,1,0,0,1,0,0,0
529,1,0,0,0,1,1,0,1,0,1
1260,0,0,0,1,0,0,0,0,0,1
2104,1,0,0,0,0,1,0,0,0,0
636,1,0,0,0,1,1,0,1,0,1
1269,1,0,0,0,0,0,0,0,0,0
185,0,0,0,0,0,0,0,0,1,0
2771,0,0,0,0,0,0,0,0,0,1
2994,0,1,0,1,0,1,0,1,1,1
3329,1,1,1,0,0,1,1,0,0,0
931,1,1,1,1,0,1,1,1,1,1
1441,1,1,1,1,1,0,1,0,1,0
1746,0,1,1,1,0,0,0,1,0,1
3242,0,0,0,0,0,0,0,0,1,0
1763,1,1,0,0,0,0,1,0,0,0
2679,1,1,1,1,1,0,0,1,1,0
1273,0,0,0,0,0,0,1,0,0,0
2355,1,1,1,0,0,1,1,1,1,1
607,1,0,0,0,1,1,0,1,0,1
2948,0,0,0,1,0,1,0,0,0,0
151,0,0,0,1,0,0,0,0,0,1
1624,1,1,1,1,0,0,1,0,0,0
2401,0,0,0,0,0,1,0,0,0,0
2860,1,1,0,0,1,1,0,0,1,0
2149,0,0,0,0,0,1,0,0,0,0
731,1,0,0,1,0,1,1,1,1,1
1697,1,1,1,1,0,0,1,0,0,0
2015,0,1,1,1,0,0,0,0,1,0
3048,1,1,1,1,1,1,0,0,1,0
23,1,0,0,0,0,0,0,0,0,0
2817,0,0,0,1,0,0,0,0,0,0
158,0,0,0,0,0,0,0,0,0,1
861,1,1,0,1,0,0,1,1,1,1
2908,0,0,1,1,0,1,1,1,0,1
902,1,1,1,1,0,1,1,1,1,1
2404,0,0,0,0,0,1,0,0,0,0
1230,1,1,1,1,0,0,1,1,1,0
2525,0,0,0,0,0,0,0,0,1,0
444,1,0,0,0,1,1,0,1,0,1
3280,1,1,1,1,0,0,0,1,1,0
754,1,1,1,1,0,1,0,1,1,1
923,1,1,1,1,0,1,1,1,1,1
3317,0,0,1,0,0,0,0,1,0,0
2357,1,1,1,1,0,1,1,1,1,1
311,0,0,0,0,0,0,0,0,0,1
1375,0,0,1,0,1,0,0,0,0,0
548,1,0,0,0,1,1,0,1,0,1
3249,1,1,0,0,0,0,0,0,1,0
1839,0,0,0,0,1,0,0,0,0,0
306,0,1,0,0,0,0,0,0,0,0
287,1,1,1,1,0,1,0,1,1,1
694,0,0,0,0,0,0,0,1,0,1
308,0,1,0,0,0,0,0,0,0,0
2594,1,1,1,1,1,0,1,1,0,0
2132,0,0,0,0,0,1,0,0,0,0
749,1,1,1,1,0,1,1,1,1,0
1814,0,0,0,0,1,0,1,0,0,0
1569,0,0,0,0,1,0,0,0,0,0
1910,1,1,1,1,0,1,1,1,1,1
2458,0,0,0,0,1,0,1,0,0,0
908,1,1,1,1,0,1,1,1,1,1
86,1,0,1,1,0,0,0,0,0,0
2658,1,1,1,1,1,1,1,1,1,1
2126,0,0,0,0,0,1,0,0,0,0
2783,1,1,1,1,0,1,1,0,1,0
970,1,1,1,0,0,0,0,0,0,0
13,1,1,0,0,0,0,0,0,0,0
873,1,1,0,1,0,0,1,1,1,1
808,1,1,0,1,0,0,1,1,1,1
2880,0,0,0,0,0,1,0,1,1,0
514,1,0,0,0,1,1,0,1,0,1
2692,1,1,1,1,1,1,1,1,1,1
409,1,1,0,0,0,0,0,0,0,0
1728,1,1,1,1,0,0,1,0,0,0
1337,0,0,0,0,0,0,1,0,0,0
1413,1,1,1,1,1,0,1,0,0,0
2531,1,1,1,1,1,1,0,0,1,1
1655,1,1,1,1,0,0,1,0,0,0
2024,1,1,1,1,0,1,0,0,1,1
3312,0,0,0,0,0,1,0,0,0,0
3093,1,0,1,0,0,0,0,0,0,0
382,0,0,0,1,0,0,0,0,0,1
3086,1,1,1,1,0,1,0,1,1,1
2451,1,1,1,1,0,1,1,1,1,1
3308,1,1,1,0,0,0,1,0,0,0
1684,1,1,1,1,0,0,1,0,0,0
2067,0,0,0,0,0,1,0,1,0,1
2186,0,1,1,1,1,0,0,1,1,1
2529,1,1,1,1,1,1,0,0,1,1
1393,0,0,1,0,0,0,0,0,0,0
552,1,0,0,0,1,1,0,1,0,1
3162,0,0,0,0,0,1,0,0,0,0
222,1,0,0,0,0,1,0,0,0,0
1960,0,0,0,0,0,0,1,0,0,0
1096,1,0,1,0,0,0,0,0,0,0
2903,1,1,1,1,1,1,0,1,1,0
8,1,0,0,0,1,1,0,0,0,0
1864,0,0,0,0,0,0,0,0,0,1
316,0,0,0,1,0,0,0,0,0,0
1328,0,0,0,0,0,0,1,0,0,0
427,0,0,0,1,0,0,0,0,0,1
1691,1,1,1,1,0,0,1,0,0,0
105,1,0,0,0,0,0,0,0,0,0
1749,0,1,1,1,0,0,0,1,0,1
142,1,1,0,1,0,1,1,0,1,1
121,1,0,1,1,1,1,1,1,1,1
2649,1,1,1,1,1,1,1,1,1,1
3198,0,0,0,1,0,0,0,0,0,0
1189,0,0,0,0,0,0,1,1,0,0
2210,1,1,1,1,1,1,1,1,1,1
2905,1,1,1,1,1,1,0,1,1,0
1732,1,1,1,1,0,0,1,0,0,0
115,1,0,0,0,0,1,1,1,0,0
1775,1,1,0,0,0,0,1,0,0,0
1601,0,0,0,0,0,0,1,0,0,0
2402,0,0,0,0,0,1,0,0,0,0
3126,1,1,1,1,0,1,0,1,0,1
3292,0,1,1,0,0,0,0,0,0,0
2013,0,1,1,1,0,0,0,0,1,0
2468,1,0,1,0,0,1,0,0,1,0
672,0,0,0,0,0,0,0,1,0,0
1811,0,0,0,1,0,1,0,0,0,1
1109,0,0,1,0,0,0,0,0,0,0
1940,0,0,0,1,1,0,0,1,1,0
591,1,0,0,0,1,1,0,1,0,1
3124,1,1,1,1,0,1,0,1,0,1
2222,1,1,1,1,0,1,1,1,1,1
888,1,1,1,1,0,1,1,1,1,1
2127,0,0,0,0,0,1,0,0,0,0
1731,1,1,1,1,0,0,1,0,0,0
1576,0,1,0,0,0,0,0,0,0,0
2184,0,0,0,0,1,1,0,0,0,0
213,0,0,0,0,0,0,0,0,1,0
778,1,0,0,0,0,0,1,1,1,0
2411,1,0,0,0,0,0,0,1,0,0
1448,1,1,1,1,1,0,1,0,1,0
2073,1,1,1,1,0,1,0,0,0,0
800,1,1,0,1,0,0,1,1,1,1
2768,0,0,0,0,0,0,0,0,0,1
3183,0,0,0,1,0,0,0,0,0,0
1925,1,1,1,0,0,0,0,0,0,0
1567,0,0,0,0,1,0,0,0,0,0
2555,1,0,0,0,0,1,0,0,0,0
2975,1,1,1,0,0,0,0,0,0,0
1518,0,0,0,0,0,0,0,0,1,0
2364,0,0,0,0,0,0,0,0,1,0
3101,1,0,0,0,1,0,0,0,0,0
1343,0,0,0,0,0,0,1,0,0,0
273,0,0,0,0,0,0,0,1,1,0
71,0,0,1,0,0,0,0,1,0,0
720,1,0,0,0,0,1,1,0,0,1
1087,0,0,1,0,0,0,0,0,0,0
394,1,1,1,1,0,0,1,0,0,0
583,1,0,0,0,1,1,0,1,0,1
1926,1,1,1,0,1,0,0,1,0,0
3050,1,1,1,1,1,1,0,0,1,0
2506,1,1,1,1,0,1,0,1,1,1
500,1,0,0,0,1,1,0,1,0,1
2274,0,0,0,1,0,0,0,0,0,1
2835,0,1,1,1,0,0,0,1,1,1
3326,0,0,0,1,0,0,0,0,0,1
3061,1,1,1,1,1,1,0,0,1,0
2359,1,1,1,1,0,1,1,1,1,1
1259,0,0,0,1,0,0,0,0,0,1
2025,0,1,0,0,0,0,0,0,1,0
2117,0,0,0,0,0,0,0,0,0,1
205,0,0,0,1,0,0,0,0,0,1
733,1,0,0,1,0,1,1,1,1,1
1921,1,0,1,1,1,1,0,1,0,1
526,1,0,0,0,1,1,0,1,0,1
2637,1,1,1,1,1,1,1,1,1,1
1740,0,1,1,1,0,0,0,1,0,1
898,1,1,1,1,0,1,1,1,1,1
377,0,0,0,0,0,0,0,1,0,0
1559,1,0,0,0,0,0,1,0,0,0
2110,1,1,1,1,0,0,1,1,0,1
2995,0,1,0,1,0,1,0,1,1,1
1825,0,1,0,0,0,0,0,0,0,0
386,0,0,0,1,0,0,0,0,0,1
198,0,1,1,1,0,0,0,1,1,1
3276,0,1,0,0,0,0,0,0,0,0
1050,0,0,0,1,0,1,0,0,0,0
590,1,0,0,0,1,1,0,1,0,1
519,1,0,0,0,1,1,0,1,0,1
2302,1,1,1,1,1,1,1,1,1,1
1628,1,1,1,1,0,0,1,0,0,0
2283,1,1,0,1,1,0,0,1,1,1
429,0,0,0,0,0,0,1,1,0,0
1083,0,0,0,0,0,0,0,0,0,1
1916,0,0,0,0,0,1,0,0,1,1
1681,1,1,1,1,0,0,1,0,0,0
207,0,1,0,1,0,0,0,0,1,1
491,1,0,0,0,1,1,0,1,0,1
2323,1,1,1,0,0,1,1,1,1,1
2475,1,1,1,1,1,1,0,1,1,1
3252,1,0,0,0,1,0,0,1,0,0
792,1,0,0,0,0,0,1,1,1,0
2782,1,1,1,1,0,0,1,1,1,1
1186,0,0,0,0,0,0,0,0,1,0
1185,0,0,0,0,0,0,0,0,0,1
2337,0,0,0,0,0,0,0,1,1,0
2942,0,1,0,0,0,0,0,1,0,0
1703,1,1,1,1,0,0,1,0,0,0
2498,1,1,1,1,0,1,0,1,1,1
1530,1,1,1,1,1,0,1,0,1,0
1410,1,1,1,1,1,0,1,0,1,0
1476,0,0,0,0,0,0,0,0,1,0
83,1,1,1,1,0,0,0,0,0,1
2647,1,1,1,1,1,1,1,1,1,1
2708,1,1,1,1,1,1,1,1,1,1
20,0,0,0,0,0,0,0,0,1,0
1743,0,1,1,1,0,0,0,1,0,1
1627,1,1,1,1,0,0,1,0,0,0
1929,0,0,0,0,0,0,0,0,0,1
2329,0,0,0,0,0,0,1,0,0,0
1405,0,1,1,0,0,0,0,0,0,0
2947,0,0,0,0,0,0,1,1,0,0
1562,0,0,0,0,0,0,0,0,0,1
3338,0,1,1,1,0,0,0,1,1,0
3008,0,0,0,0,0,0,0,1,0,0
2230,1,1,1,1,1,1,0,0,1,1
973,0,0,0,0,0,0,0,0,1,0
3118,1,1,0,0,1,0,0,1,0,0
883,1,1,0,1,0,0,1,1,1,1
1098,1,0,0,0,0,0,0,0,0,0
156,1,0,0,0,0,0,0,0,0,0
2548,0,0,0,1,0,0,0,0,1,1
886,1,1,1,1,0,1,1,1,1,1
3347,0,0,0,1,0,0,0,0,0,0
2008,0,1,1,0,0,1,0,1,1,0
1512,1,1,1,1,1,0,1,0,1,0
2766,0,0,0,0,0,0,0,0,0,1
2330,1,1,1,0,0,1,1,1,1,1
2830,0,0,0,0,0,0,0,1,0,0
2168,0,0,0,0,0,1,0,0,0,0
3064,1,1,1,1,1,1,0,0,1,0
1453,1,1,1,1,1,0,1,0,1,0
1505,1,1,1,1,1,0,1,0,1,0
3053,1,1,1,1,1,1,0,0,1,0
3032,1,0,0,0,0,0,0,0,0,0
458,1,0,0,0,1,1,0,1,0,1
2986,0,0,0,0,0,0,0,0,1,0
78,1,1,1,1,0,0,0,0,0,0
3254,1,0,0,0,1,0,0,1,0,0
2979,1,1,1,1,1,1,0,1,1,1
1056,0,0,1,0,0,0,0,0,1,0
906,1,1,1,1,0,1,1,1,1,1
2836,0,0,0,0,0,1,0,1,1,0
2480,1,1,1,1,1,1,0,1,1,1
3011,1,0,0,1,0,1,0,0,0,1
380,0,0,0,1,0,0,0,0,0,1
947,0,1,1,0,0,0,0,0,0,0
3046,1,1,1,1,1,1,0,0,1,0
2249,1,1,1,1,0,0,1,0,1,1
2668,1,1,1,1,1,1,1,1,1,1
715,0,0,1,0,0,0,0,0,0,1
2238,0,1,1,1,1,0,0,1,1,1
686,0,0,0,1,0,1,0,1,1,1
2866,1,1,0,0,1,1,0,0,1,0
1293,0,0,0,0,0,0,0,0,0,1
305,0,0,1,0,0,0,0,1,0,1
209,1,0,0,0,0,1,0,0,0,0
2978,1,1,1,0,0,0,0,1,1,0
2487,1,1,1,1,1,1,0,1,1,1
3322,0,0,0,0,0,0,0,0,1,0
1945,1,1,0,0,1,1,1,1,1,0
885,1,1,1,1,0,1,1,1,1,1
2138,0,0,0,0,0,1,0,0,0,0
917,1,1,1,1,0,1,1,1,1,1
2515,1,1,1,1,0,1,0,1,1,1
2071,0,0,0,0,0,0,0,1,0,0
191,0,1,1,1,0,0,0,1,1,1
2256,0,0,0,1,0,0,0,0,0,1
2279,0,0,0,0,0,0,0,1,1,0
1265,0,0,0,1,0,0,0,0,0,1
483,1,0,0,0,1,1,0,1,0,1
915,1,1,1,1,0,1,1,1,1,1
3319,1,1,1,1,0,0,1,0,0,0
277,0,1,0,0,0,0,0,0,1,0
988,1,0,1,0,0,0,1,1,1,1
1837,0,0,0,0,1,0,0,0,0,0
1245,0,1,0,0,0,0,1,1,0,1
2046,1,1,1,1,0,0,0,0,0,1
571,1,0,0,0,1,1,0,1,0,1
1435,1,1,1,1,1,0,1,0,1,0
993,1,0,1,0,0,0,1,0,0,0
1818,0,0,0,0,0,0,0,0,0,1
1767,1,1,0,0,0,0,1,0,0,0
585,1,0,0,0,1,1,0,1,0,1
3283,1,1,1,1,1,1,1,0,1,0
1987,1,0,1,1,0,0,1,0,0,0
3341,0,0,0,1,0,0,0,1,1,1
1349,0,1,0,0,0,0,0,0,1,0
1007,0,0,0,0,1,0,0,0,0,0
674,0,1,0,0,0,0,0,0,0,1
2091,0,0,0,0,0,0,1,0,0,1
855,1,1,0,1,0,0,1,1,1,1
447,1,0,0,0,1,1,0,1,0,1
1795,0,0,1,0,0,0,0,0,0,0
865,1,1,0,1,0,0,1,1,1,1
2034,1,1,1,1,0,0,0,1,1,1
2530,1,1,1,1,1,1,0,0,1,1
2988,0,0,1,0,0,0,0,0,0,0
2663,1,1,1,1,1,1,1,1,1,1
2103,0,0,0,1,0,0,0,0,0,1
1898,1,0,1,0,0,0,0,0,1,0
2984,0,0,0,1,0,1,0,1,0,1
3115,0,0,1,0,1,0,0,0,0,0
1247,0,0,0,0,0,1,0,0,1,0
294,0,0,0,0,0,0,0,1,0,1
1547,0,1,0,0,0,0,0,0,0,0
588,1,0,0,0,1,1,0,1,0,1
1741,0,1,1,1,0,0,0,1,0,1
1281,0,0,1,0,0,0,0,1,0,0
2064,1,0,0,1,0,1,0,0,1,0
2167,0,0,0,0,0,1,0,0,0,0
2585,1,1,1,1,0,0,1,1,0,1
1951,0,0,0,0,0,1,0,0,1,1
2439,0,0,1,1,1,0,0,0,0,0
2577,1,0,1,1,0,1,1,1,1,1
2985,0,0,0,0,0,0,0,0,0,1
1417,1,1,1,1,1,0,1,0,1,0
425,0,1,1,1,0,0,0,0,0,1
534,1,0,0,0,1,1,0,1,0,1
1054,0,0,0,1,0,0,0,0,0,0
2535,1,1,1,1,1,1,0,0,1,1
2795,0,0,0,0,1,0,0,0,0,0
1803,1,0,1,1,0,1,0,0,1,1
1770,1,1,0,0,0,0,1,0,0,0
132,0,0,1,0,1,0,0,0,0,0
6,1,0,0,0,1,1,0,0,0,0
2974,1,0,0,0,0,0,0,0,0,0
421,1,1,0,0,0,0,0,0,0,0
1690,1,1,1,1,0,0,1,0,0,0
2971,0,1,0,0,0,0,0,0,0,0
2516,1,1,1,1,0,1,0,1,1,1
2441,0,0,1,1,1,0,0,0,0,0
1716,1,1,1,1,0,0,1,0,0,0
1368,0,0,1,0,1,0,0,0,0,0
556,1,0,0,0,1,1,0,1,0,1
2505,1,1,1,1,0,1,0,1,1,1
1876,0,0,0,0,0,0,0,1,0,0
3026,1,0,0,0,0,0,0,0,0,0
2992,0,1,0,1,0,1,0,1,1,1
3331,1,1,1,1,0,1,0,1,1,0
570,1,0,0,0,1,1,0,1,0,1
352,0,0,0,0,1,0,0,0,0,0
91,0,0,0,1,0,0,0,0,0,0
2378,1,1,1,1,0,1,1,1,1,1
2829,0,0,0,0,0,0,0,1,0,0
1170,0,1,1,0,0,1,0,1,1,0
1880,1,0,1,0,0,0,0,1,1,1
1285,0,0,0,0,0,0,0,0,0,1
2095,0,0,0,0,0,0,1,0,0,1
2119,1,0,1,1,0,0,0,1,0,1
2882,0,1,1,1,0,0,1,0,1,1
1829,0,0,0,0,0,0,0,0,0,1
1591,1,1,1,0,0,0,0,0,0,0
2291,1,1,1,1,0,0,1,1,1,1
697,0,0,0,0,0,0,0,1,0,1
3007,0,0,0,0,0,0,0,0,0,1
348,0,0,0,0,1,0,0,0,0,0
1972,0,0,0,0,1,1,0,1,1,1
2621,0,0,0,1,0,0,0,0,1,0
2712,1,1,1,1,0,1,1,1,1,1
2429,1,0,0,0,0,1,0,0,0,0
1137,0,0,0,0,1,0,0,0,0,0
2147,0,0,0,0,0,1,0,0,0,0
2295,1,1,1,1,0,0,1,1,1,1
3166,0,0,0,1,0,0,0,0,0,0
3150,1,0,0,0,0,0,0,0,0,0
1711,1,1,1,1,0,0,1,0,0,0
1339,0,0,0,0,0,0,1,0,0,0
2778,1,1,1,1,1,0,0,0,1,0
453,1,0,0,0,1,1,0,1,0,1
913,1,1,1,1,0,1,1,1,1,1
2257,0,0,0,1,0,0,0,0,0,1
1199,0,1,0,0,0,0,0,0,1,0
1274,0,0,0,0,0,0,1,0,0,0
2399,0,0,0,0,0,1,0,0,0,0
37,0,0,0,1,0,0,0,0,1,1
974,0,0,0,0,0,0,0,0,1,0
3096,0,1,0,0,0,0,1,1,0,0
983,0,0,0,0,0,0,0,1,0,0
1249,0,0,0,0,1,0,1,0,0,1
2251,1,1,1,1,0,0,1,0,1,1
1418,1,1,1,1,1,0,1,0,1,0
1284,0,0,0,1,0,1,0,1,0,1
1560,0,1,0,1,0,1,0,0,0,0
39,0,0,0,1,0,0,0,0,1,1
1486,1,1,1,1,1,0,1,0,1,0
2185,0,1,1,1,1,0,0,1,1,1
169,0,0,0,0,0,0,0,0,0,1
1355,0,0,0,0,0,0,0,1,1,0
737,1,0,0,1,0,1,1,1,1,1
1961,0,0,0,0,0,0,1,0,0,0
3015,0,1,1,0,0,0,0,1,1,0
1672,1,1,1,1,0,0,1,0,0,0
1564,0,0,0,0,0,0,0,1,0,0
2209,0,0,0,1,0,0,0,0,0,1
634,1,0,0,0,1,1,0,1,0,1
2960,0,0,0,0,1,0,0,0,0,0
2380,0,0,0,0,0,1,0,0,0,0
1640,1,1,1,1,0,0,1,0,0,0
1290,0,0,0,0,0,0,0,0,0,1
3289,1,1,1,1,1,1,1,0,1,0
1380,0,0,1,0,1,0,0,0,0,0
579,1,0,0,0,1,1,0,1,0,1
328,0,0,0,0,0,0,0,0,1,0
2059,0,1,0,0,0,0,0,1,1,0
892,1,1,1,1,0,1,1,1,1,1
1143,0,0,0,1,0,1,0,0,0,0
780,1,0,0,0,0,0,1,1,1,0
1979,0,0,0,0,1,1,0,1,1,1
159,0,0,0,0,0,0,0,0,0,1
2297,1,0,0,0,0,0,0,0,0,0
2066,0,0,0,0,0,1,0,1,0,1
2599,1,1,1,1,1,0,1,1,0,0
61,0,0,1,0,0,0,0,1,0,0
849,1,1,0,1,0,0,1,1,1,1
2721,1,1,1,1,0,1,1,1,0,1
3230,0,0,0,1,0,0,0,0,0,1
3239,0,0,0,1,0,0,0,0,0,1
1596,1,0,1,0,0,0,0,0,0,0
1776,1,1,0,0,0,0,1,0,0,0
1043,0,0,0,0,0,0,0,0,1,0
2785,1,1,1,1,0,0,1,1,1,1
1544,0,1,0,0,0,0,0,0,0,0
2229,1,1,1,1,1,1,0,0,1,1
2037,1,1,1,1,0,0,0,1,1,1
1070,1,1,0,1,0,0,0,1,0,0
53,0,0,1,0,0,0,0,1,0,0
3227,0,0,0,1,0,0,0,0,0,1
2724,1,1,1,1,0,1,1,1,0,1
1797,0,0,0,1,0,0,0,0,0,1
258,0,1,0,1,0,0,0,0,1,1
505,1,0,0,0,1,1,0,1,0,1
752,1,1,1,1,0,1,1,1,1,0
2260,0,0,0,0,0,0,0,0,0,1
217,1,0,0,0,0,1,0,0,0,0
824,1,1,0,1,0,0,1,1,1,1
1922,1,1,0,0,0,1,0,0,1,0
3346,0,1,0,0,0,0,0,0,0,1
2545,0,0,0,1,0,0,0,0,1,1
1389,0,0,1,0,1,0,0,0,0,0
2793,0,0,0,0,1,0,0,0,0,0
1266,0,0,0,1,0,0,0,0,0,1
2752,1,0,0,1,1,0,0,1,0,0
2542,0,0,0,1,0,0,0,0,1,1
1598,1,0,1,0,0,0,0,0,0,0
3033,1,0,0,0,0,0,0,0,0,0
2293,1,1,1,1,0,0,1,1,1,1
1607,1,0,1,0,0,0,0,0,0,0
1594,0,0,0,0,0,1,0,1,0,0
771,0,0,1,0,0,0,1,1,0,0
3132,0,0,0,1,0,0,0,1,0,0
3082,1,1,1,1,0,1,0,1,1,1
1176,0,1,1,0,0,1,0,1,1,0
3129,1,1,1,1,0,1,0,1,0,1
1868,0,0,0,0,1,0,0,0,0,0
1085,1,0,0,0,0,0,0,0,0,0
2292,1,1,1,1,0,0,1,1,1,1
2164,0,0,0,0,0,1,0,0,0,0
1325,1,1,1,1,0,0,0,0,0,1
2375,0,0,0,0,0,0,0,1,1,0
1967,1,1,1,1,0,1,1,1,1,1
806,1,1,0,1,0,0,1,1,1,1
3293,0,1,1,0,0,0,0,0,0,0
1403,0,0,0,1,0,0,0,0,0,0
2804,1,1,0,0,0,1,0,1,0,0
2083,0,0,0,1,0,1,0,0,1,0
2392,0,0,0,0,0,1,0,0,0,0
2102,0,0,0,1,0,0,0,0,0,1
1163,0,1,1,0,0,1,0,1,1,0
963,0,0,0,0,0,0,0,1,0,0
3241,0,0,0,0,0,0,0,0,1,0
1912,1,1,1,1,0,1,1,1,1,1
816,1,1,0,1,0,0,1,1,1,1
398,0,1,0,1,0,0,0,0,1,1
584,1,0,0,0,1,1,0,1,0,1
948,0,0,0,1,0,0,0,0,0,0
704,1,1,0,0,0,1,0,1,1,0
431,0,0,0,0,1,0,0,0,0,0
1688,1,1,1,1,0,0,1,0,0,0
292,1,1,1,1,0,1,0,1,1,1
145,1,0,1,1,1,0,0,1,0,0
323,0,0,0,1,0,1,0,0,0,0
2893,1,1,1,1,0,0,0,1,0,0
3294,1,1,0,0,0,0,0,0,1,0
1165,1,0,0,1,1,0,0,0,0,0
1452,1,1,1,1,1,0,1,0,1,0
2,1,0,0,0,1,1,0,0,0,0
1712,1,1,1,1,0,0,1,0,0,0
576,1,0,0,0,1,1,0,1,0,1
2574,1,1,1,1,0,1,1,1,1,1
339,0,0,1,0,0,0,0,0,0,0
1382,0,0,1,0,1,0,0,0,0,0
2175,0,0,0,0,0,0,0,0,0,1
925,1,1,1,1,0,1,1,1,1,1
265,1,1,0,0,0,1,0,0,1,0
376,0,0,0,0,0,0,0,1,0,0
2620,0,0,0,1,0,0,0,0,1,0
1771,1,1,0,0,0,0,1,0,0,0
1463,1,1,1,1,1,0,1,0,1,0
271,0,0,0,0,0,1,0,0,0,1
696,0,0,0,0,0,0,0,1,0,1
3320,1,1,1,1,0,0,1,0,0,0
244,0,0,0,1,0,0,0,1,0,0
3143,0,0,0,0,0,1,0,0,1,0
476,1,0,0,0,1,1,0,1,0,1
2852,0,0,0,0,0,0,0,0,0,1
2107,0,1,0,0,0,0,1,1,0,0
813,1,1,0,1,0,0,1,1,1,1
2728,1,1,1,1,0,1,1,1,0,1
1914,1,1,1,1,0,1,0,1,1,1
2092,0,0,0,0,0,0,1,0,0,1
2834,0,0,0,0,0,0,0,1,0,0
3246,1,1,0,0,0,0,0,0,1,0
3297,0,0,0,0,0,0,0,0,0,1
1164,1,0,0,1,1,0,0,0,0,0
1804,0,1,0,0,1,0,1,0,0,0
2431,1,1,0,0,0,0,0,1,1,1
250,0,0,0,1,0,0,0,0,0,1
413,1,1,0,0,0,0,0,0,0,0
545,1,0,0,0,1,1,0,1,0,1
1193,0,0,0,0,0,0,0,0,1,0
738,1,0,0,1,0,1,1,1,1,1
310,0,0,0,0,0,0,0,0,0,1
2541,0,0,0,1,0,0,0,0,1,1
893,1,1,1,1,0,1,1,1,1,1
1131,0,0,1,1,0,0,0,1,0,0
1449,1,1,1,1,1,0,1,0,1,0
3247,1,1,0,0,0,0,0,0,1,0
15,1,1,0,0,0,0,0,0,0,0
2240,1,0,1,1,1,0,1,1,0,0
721,1,0,0,0,0,1,1,0,0,1
1420,1,1,1,1,1,0,1,0,1,0
2943,0,1,0,0,0,0,0,1,0,0
981,0,0,0,0,0,0,0,0,1,0
2358,0,0,0,0,0,0,0,0,1,0
1539,1,1,1,1,1,0,0,1,0,1
2826,1,1,1,1,1,1,0,1,1,1
1911,1,1,1,1,0,1,1,1,1,1
1550,0,0,0,0,0,0,0,0,0,1
2702,1,1,1,1,1,1,1,1,1,1
363,1,1,1,1,1,0,0,0,0,0
982,0,0,0,0,0,0,0,0,1,0
182,0,0,0,0,0,0,0,0,0,1
985,0,1,0,0,0,0,0,0,1,0
2285,1,1,0,1,1,0,0,1,1,1
1194,0,0,0,0,0,0,0,0,0,1
3337,0,1,1,1,0,0,0,1,1,0
2078,1,1,1,1,0,1,0,0,0,0
1121,0,0,0,0,0,0,1,0,0,0
2510,1,1,1,1,0,1,0,1,1,1
187,0,0,0,0,0,0,0,0,1,0
619,1,0,0,0,1,1,0,1,0,1
2030,0,0,1,1,0,1,0,1,1,1
1175,0,1,1,0,0,1,0,1,1,0
1182,1,0,0,1,1,0,0,0,0,0
2662,1,1,1,1,1,1,1,1,1,1
2465,0,0,1,0,0,0,0,1,0,0
614,1,0,0,0,1,1,0,1,0,1
1513,1,1,1,1,1,0,1,0,1,0
1466,1,1,1,1,1,0,1,0,1,0
401,0,1,0,0,0,0,1,0,1,1
994,1,0,0,0,0,0,1,0,0,0
934,1,1,1,1,0,1,1,1,1,1
371,1,0,1,1,0,0,0,0,0,1
2409,0,0,0,1,0,0,0,1,0,1
2426,1,0,0,1,0,1,1,0,1,0
593,1,0,0,0,1,1,0,1,0,1
2215,0,0,0,1,0,0,0,0,0,1
726,0,0,0,0,0,0,0,1,1,1
826,1,1,0,1,0,0,1,1,1,1
1521,1,1,1,1,1,0,1,0,1,0
3182,0,0,0,1,0,0,0,0,0,0
687,0,0,0,1,0,1,0,1,1,1
2481,1,1,1,1,1,1,0,1,1,1
136,0,0,1,0,1,0,0,0,0,0
2732,1,1,1,1,0,1,1,1,0,1
628,1,0,0,0,1,1,0,1,0,1
334,1,0,0,1,0,0,0,0,0,1
1805,0,1,0,0,1,0,1,0,0,0
390,1,1,1,1,0,1,0,1,1,0
2583,1,1,1,1,0,0,1,1,0,1
1817,0,0,0,0,1,0,1,0,0,0
3014,0,1,1,0,0,0,0,1,1,0
710,0,1,0,0,0,0,0,0,1,0
1039,0,0,0,0,0,0,0,0,0,1
3034,1,0,0,0,0,0,0,0,0,0
2900,1,1,0,1,1,0,0,0,0,1
1561,0,1,0,1,0,1,0,0,0,0
3080,0,1,0,0,1,0,0,0,1,1
3200,0,0,0,1,0,0,0,0,0,0
1112,0,1,0,0,0,0,0,1,0,0
1223,0,0,0,0,0,0,0,0,0,1
2242,1,0,1,1,1,0,1,1,0,0
1508,1,1,1,1,1,0,1,0,1,0
1750,0,0,0,0,0,0,0,1,0,0
3001,0,1,0,0,0,0,0,0,0,0
338,0,0,0,0,0,0,0,0,0,1
215,1,0,0,0,0,1,0,0,0,0
1341,0,0,0,0,0,0,1,0,0,0
2808,1,1,1,1,1,1,0,1,1,1
3236,0,0,0,1,0,0,0,0,0,1
2958,0,0,0,0,1,0,0,0,0,0
2086,1,1,1,1,1,1,1,1,1,1
2270,1,0,1,1,1,1,1,1,0,1
101,1,1,0,1,0,1,0,0,1,1
2476,1,1,1,1,1,1,0,1,1,1
171,0,1,0,0,0,0,0,0,0,1
107,1,0,0,0,0,0,0,0,0,0
2356,0,0,0,1,0,0,0,1,0,1
3334,0,0,0,0,0,0,0,0,1,0
2467,1,0,1,0,0,1,0,0,1,0
2245,1,0,1,1,1,0,1,1,0,0
2282,1,1,0,1,1,0,0,1,1,1
2252,1,1,1,1,0,0,1,0,1,1
2522,0,0,0,0,0,0,0,1,0,0
2615,0,0,0,1,0,0,1,0,0,0
2877,1,1,1,1,0,1,0,1,1,1
1040,0,0,0,0,0,0,0,0,0,1
1524,1,1,1,1,1,0,1,0,1,0
2861,1,1,0,0,1,1,0,0,1,0
481,1,0,0,0,1,1,0,1,0,1
2389,0,0,0,0,0,1,0,0,0,0
2484,1,1,1,1,1,1,0,1,1,1
1762,1,1,0,0,0,0,1,0,0,0
2736,1,0,0,1,1,0,0,1,0,0
2839,1,1,0,0,0,1,0,0,1,0
2322,1,1,1,0,0,1,1,1,1,1
405,0,1,0,1,0,0,1,1,0,0
757,1,1,1,1,0,1,0,1,1,1
2196,0,0,0,1,0,0,0,0,1,1
97,0,0,0,1,0,1,0,1,0,0
1333,0,0,0,0,0,0,1,0,0,0
2667,1,1,1,1,1,1,1,1,1,1
3095,0,1,0,0,0,0,1,1,0,0
2208,0,0,0,1,0,0,0,0,0,1
2058,0,1,0,0,0,0,0,0,1,0
2360,0,0,0,0,0,0,0,0,1,0
148,0,0,0,1,0,0,0,0,0,1
28,0,0,1,0,0,0,0,0,0,0
2509,1,1,1,1,0,1,0,1,1,1
2211,1,1,1,1,1,1,1,1,1,1
692,0,0,0,0,0,0,0,1,0,1
1386,0,0,1,0,1,0,0,0,0,0
1845,0,0,0,0,1,0,0,0,0,0
2299,1,1,1,1,1,1,1,1,1,1
1599,0,0,0,0,0,0,1,0,0,0
701,0,0,0,0,0,1,0,1,1,0
1708,1,1,1,1,0,0,1,0,0,0
454,1,0,0,0,1,1,0,1,0,1
2040,1,1,1,1,0,0,0,1,1,1
2347,0,0,0,0,0,0,0,1,1,0
609,1,0,0,0,1,1,0,1,0,1
167,0,0,0,0,0,0,0,0,0,1
730,0,0,1,1,0,1,1,1,1,1
2419,0,1,0,1,0,0,0,1,1,0
3000,0,0,0,0,0,0,1,0,0,0
2227,1,1,1,1,1,1,0,0,1,1
1622,0,0,0,0,0,0,0,0,0,1
587,1,0,0,0,1,1,0,1,0,1
1401,1,0,1,0,0,0,0,0,0,0
1700,1,1,1,1,0,0,1,0,0,0
3269,0,0,0,0,0,0,0,1,1,1
2646,1,1,1,1,1,1,1,1,1,1
1379,0,0,1,0,1,0,0,0,0,0
2089,0,0,0,0,0,0,1,0,0,1
2422,1,0,0,0,0,0,0,0,0,0
2157,0,0,0,0,0,1,0,0,0,0
2723,1,1,1,1,0,1,1,1,0,1
441,1,0,0,0,1,1,0,1,0,1
2051,0,0,0,1,0,0,0,1,1,1
1301,0,0,0,1,0,0,0,0,0,1
3051,1,1,1,1,1,1,0,0,1,0
1304,0,0,0,0,0,0,1,0,0,0
236,0,0,1,0,0,0,0,0,0,0
520,1,0,0,0,1,1,0,1,0,1
735,1,0,0,1,0,1,1,1,1,1
2966,0,0,0,0,0,0,0,1,0,0
2106,1,0,0,0,0,1,0,0,0,0
592,1,0,0,0,1,1,0,1,0,1
1303,0,1,0,0,0,0,0,0,0,0
1387,0,0,1,0,1,0,0,0,0,0
2181,0,0,0,0,1,1,0,0,0,0
2495,0,1,1,1,0,0,0,0,0,0
3117,0,0,0,0,1,0,0,0,0,0
904,1,1,1,1,0,1,1,1,1,1
3197,0,0,0,1,0,0,0,0,0,0
1279,0,0,0,1,0,0,0,1,0,1
3278,0,1,0,0,0,0,0,0,0,0
3212,0,1,0,0,0,0,0,0,0,0
2665,1,1,1,1,1,1,1,1,1,1
2751,1,0,0,1,1,0,0,1,0,0
2659,1,1,1,1,1,1,1,1,1,1
706,1,1,0,0,0,1,0,1,1,0
2952,1,0,0,0,0,0,0,0,0,0
745,1,1,0,1,1,1,0,1,1,0
1939,0,0,0,1,1,0,0,1,1,0
2234,0,1,1,1,1,0,0,1,1,1
513,1,0,0,0,1,1,0,1,0,1
81,1,1,1,1,0,0,0,0,0,1
1308,1,1,1,1,1,0,0,0,0,0
2784,1,1,1,1,0,0,1,1,1,1
914,1,1,1,1,0,1,1,1,1,1
3084,1,1,1,1,0,1,0,1,1,1
774,1,0,0,0,0,0,1,1,1,0
329,0,0,0,0,0,0,0,0,1,0
2054,1,1,1,1,0,1,0,1,1,1
2001,1,1,1,0,0,1,0,0,1,0
943,0,0,0,1,0,0,0,1,1,1
822,1,1,0,1,0,0,1,1,1,1
909,1,1,1,1,0,1,1,1,1,1
181,0,0,0,1,0,0,0,0,0,1
164,0,0,0,0,0,0,0,0,0,1
1523,1,1,1,1,1,0,1,0,0,0
451,1,0,0,0,1,1,0,1,0,1
1311,1,1,1,0,1,0,0,0,0,0
1111,0,0,0,0,0,0,0,1,0,0
2781,1,1,1,1,0,0,1,1,1,1
1287,0,0,0,0,0,0,0,0,0,1
327,0,0,1,0,0,0,0,0,0,0
1790,0,0,0,0,1,0,0,0,0,1
2968,0,0,0,0,0,1,0,0,1,0
2007,0,1,1,0,0,1,0,1,1,0
1858,1,1,0,1,1,1,1,0,1,1
312,1,0,0,1,0,0,1,1,0,0
832,1,1,0,1,0,0,1,1,1,1
1201,1,1,0,0,0,0,0,0,0,0
2588,1,1,1,1,0,0,1,1,0,1
2202,0,0,0,0,0,0,0,0,0,1
2134,0,0,0,0,0,1,0,0,0,0
2597,1,1,1,1,1,0,1,1,0,0
1481,1,1,1,1,1,0,1,0,1,0
777,1,0,0,0,0,0,1,1,1,0
799,1,1,0,1,0,0,1,1,1,1
54,0,0,1,0,0,0,0,1,0,0
1920,1,0,1,1,1,1,0,1,0,1
2889,1,1,1,1,0,0,0,1,0,0
2415,0,1,0,1,0,0,0,1,1,0
1701,1,1,1,1,0,0,1,0,0,0
2161,0,0,0,0,0,1,0,0,0,0
3136,0,0,0,1,0,0,0,1,0,0
987,1,1,1,1,0,0,0,1,1,1
2413,1,0,0,0,0,0,0,1,0,0
1394,0,0,1,0,0,0,0,0,0,0
768,0,1,1,1,0,0,0,1,0,1
2965,0,0,0,0,0,0,0,1,0,0
285,1,0,0,0,0,0,0,0,0,0
2949,0,0,0,1,0,0,0,0,0,1
428,1,0,1,1,0,0,0,1,1,1
2079,1,1,1,1,0,1,0,0,0,0
722,1,0,0,0,0,1,1,0,0,1
951,0,0,0,0,0,0,0,1,0,0
989,0,0,1,0,0,0,1,1,1,1
3121,1,1,1,1,0,1,0,1,0,1
2271,1,0,1,1,1,1,1,1,0,1
326,0,0,1,0,0,0,0,0,0,0
1383,0,0,1,0,1,0,0,0,0,0
1724,1,1,1,1,0,0,1,0,0,0
1086,0,0,0,0,0,0,0,0,0,1
341,1,0,1,0,0,0,0,1,0,1
147,1,1,1,1,0,1,0,1,1,1
2614,1,0,0,0,0,0,0,0,0,0
1107,0,0,0,1,0,0,0,0,1,0
848,1,1,0,1,0,0,1,1,1,1
966,0,0,0,0,1,0,0,0,0,0
2750,1,0,0,1,1,0,0,1,0,0
2203,0,0,0,1,0,0,0,0,0,1
661,1,0,0,0,1,1,0,1,0,1
1002,0,0,0,0,0,0,0,0,0,1
2748,1,0,0,1,1,0,0,1,0,0
2810,1,1,0,1,0,0,0,1,0,0
2619,0,0,0,1,0,0,0,1,0,1
2967,0,0,0,0,0,0,1,0,0,0
1879,1,0,1,0,0,0,0,1,1,1
3147,1,1,0,1,0,0,0,0,0,0
1203,0,1,0,0,0,0,0,0,0,0
1990,0,0,0,0,0,1,0,1,1,1
24,0,0,1,1,0,0,0,1,0,1
3140,0,0,0,0,1,0,0,0,0,0
2268,1,1,1,1,0,1,1,1,1,1
2776,0,0,0,0,0,1,0,1,1,1
2573,1,1,0,0,0,1,0,1,1,0
875,1,1,0,1,0,0,1,1,1,1
3010,1,0,0,0,0,0,0,0,0,0
938,0,0,0,0,0,0,1,0,0,0
2798,0,0,0,0,1,0,0,0,0,0
3318,0,1,0,0,0,0,0,0,1,0
385,0,0,0,0,0,0,0,0,1,1
2567,1,1,1,1,0,1,0,1,1,1
3223,0,0,0,1,0,0,0,0,0,1
2461,0,1,0,1,0,0,0,0,1,1
2338,0,0,0,0,0,0,0,1,1,0
936,1,1,1,1,0,1,1,1,1,1
2883,0,1,1,1,0,0,1,0,1,1
3265,0,0,0,1,0,0,1,1,1,1
1332,0,0,0,0,0,0,1,0,0,0
1934,1,1,1,1,0,1,1,1,1,1
935,1,1,1,1,0,1,1,1,1,1
566,1,0,0,0,1,1,0,1,0,1
1854,1,1,0,0,0,0,0,0,0,0
2707,1,1,1,1,1,1,1,1,1,1
1645,1,1,1,1,0,0,1,0,0,0
2374,0,0,0,0,0,0,0,1,1,0
1792,1,0,0,0,1,0,0,0,0,0
1430,1,1,1,1,1,0,1,0,0,0
2595,1,1,1,1,1,0,1,1,0,0
1013,0,0,0,0,1,0,0,0,0,0
1928,0,0,0,0,0,0,0,0,0,1
2519,1,1,1,1,0,1,0,1,1,1
126,1,1,1,1,1,1,0,1,1,1
2344,1,1,1,0,0,1,1,1,1,1
1347,0,0,0,0,0,0,1,0,0,0
355,1,1,1,1,1,0,0,0,0,0
827,1,1,0,1,0,0,1,1,1,1
1639,1,1,1,1,0,0,1,0,0,0
984,1,0,1,1,0,0,0,0,0,0
2188,0,0,0,0,1,0,0,1,0,1
2873,0,1,0,1,0,0,0,1,0,0
362,1,1,1,1,1,0,0,0,0,0
345,0,0,0,0,1,0,0,0,0,0
2827,1,1,1,1,1,1,0,1,1,1
2840,0,1,1,0,0,0,0,0,1,0
711,0,1,0,0,0,0,0,0,1,0
2308,1,1,0,1,0,0,0,0,0,0
10,1,0,0,1,0,1,1,0,0,1
2696,1,1,1,1,1,1,1,1,1,1
2116,0,0,1,1,1,0,0,1,1,1
1834,0,0,0,0,1,0,0,0,0,0
793,1,0,0,0,0,0,1,1,1,0
3089,1,1,1,1,0,1,0,1,1,1
94,1,0,0,0,0,0,0,0,0,0
129,0,0,1,0,1,0,0,0,0,0
2639,1,1,1,1,1,1,1,1,1,1
3244,0,0,0,0,0,0,0,0,1,0
2263,1,1,1,1,0,1,1,1,0,1
1900,0,0,0,0,1,0,1,0,1,0
2452,1,1,1,1,0,1,1,1,1,1
2673,1,1,1,1,1,1,1,1,1,1
1932,1,1,1,1,0,1,1,1,1,1
2405,0,0,0,0,0,1,0,0,0,0
1865,0,0,0,0,0,0,0,0,0,1
1658,0,0,0,1,0,1,0,1,0,1
516,1,0,0,0,1,1,0,1,0,1
1857,1,1,1,0,0,1,1,0,0,0
2243,1,0,1,1,1,0,1,1,0,0
1277,0,0,1,0,0,0,0,0,1,0
950,0,0,0,1,0,0,0,0,0,0
1120,0,0,0,0,0,0,1,0,0,0
2204,0,0,0,1,0,0,0,0,0,0
419,1,1,0,0,0,0,0,0,0,0
922,1,1,1,1,0,1,1,1,1,1
2464,0,1,0,1,0,0,0,0,1,1
477,1,0,0,0,1,1,0,1,0,1
2035,1,1,1,1,0,0,0,1,1,1
2440,0,0,0,0,0,0,0,0,0,1
1692,1,1,1,1,0,0,1,0,0,0
2478,1,1,1,1,1,1,0,1,1,1
1471,1,1,1,1,1,0,1,0,1,0
1202,1,0,0,0,0,0,1,0,0,0
1669,1,1,1,1,0,0,1,0,0,0
3102,1,0,0,0,1,0,0,0,0,0
1970,1,1,1,1,0,1,1,1,1,1
2151,0,0,0,0,0,1,0,0,0,0
820,1,1,0,1,0,0,1,1,1,1
1997,0,0,0,1,0,0,0,1,0,1
3201,0,0,0,1,0,0,0,0,0,0
1248,0,0,0,0,0,0,0,0,0,1
2460,0,1,0,1,0,0,0,0,1,1
2973,0,0,0,0,0,0,0,0,1,0
2190,0,0,1,0,0,0,0,1,0,1
2920,1,1,0,0,0,1,1,1,1,1
1046,0,0,0,1,0,1,0,0,0,0
1888,0,0,0,0,0,1,0,1,0,0
615,1,0,0,0,1,1,0,1,0,1
1318,0,0,0,1,0,0,0,0,0,0
3220,0,0,0,1,0,0,0,0,0,1
3257,0,1,0,0,0,1,0,1,0,0
2136,0,0,0,0,0,1,0,0,0,0
2745,1,0,0,1,1,0,0,1,0,0
1772,1,1,0,0,0,0,1,0,0,0
3295,0,0,0,0,0,0,0,0,0,1
131,0,0,1,0,1,0,0,0,0,0
77,1,1,1,1,0,0,0,0,0,0
2052,1,1,1,1,0,1,0,1,1,1
724,0,0,0,1,0,0,0,0,1,1
1314,0,0,0,0,0,0,0,1,1,0
1851,0,0,0,0,1,0,0,0,0,0
3262,1,0,0,1,0,0,0,0,0,0
2881,0,0,0,0,0,1,0,1,1,0
2803,0,0,0,0,1,0,0,0,0,0
1372,0,0,1,0,1,0,0,0,0,0
1855,0,0,0,0,0,0,1,1,1,0
1319,0,0,0,1,0,0,1,0,0,1
3207,0,1,1,1,1,0,0,0,0,0
3120,1,1,0,0,1,0,0,1,0,0
375,0,0,0,0,0,0,0,1,0,0
1908,1,1,1,1,0,1,1,1,1,1
333,0,1,0,1,0,0,0,0,0,1
3238,0,0,0,1,0,0,0,0,0,1
2575,1,1,1,1,1,1,0,1,1,1
2365,0,0,0,0,0,0,0,0,1,0
1604,1,0,1,0,0,0,0,0,0,0
1118,0,0,1,0,0,0,0,0,0,0
3158,1,1,0,0,0,1,0,0,1,0
1943,0,0,0,1,1,0,0,1,1,0
2533,1,1,1,1,1,1,0,0,1,1
2815,0,0,0,1,0,0,1,1,1,1
1342,0,0,0,0,0,0,1,0,0,0
320,0,0,0,0,0,0,0,1,0,1
1619,1,0,0,1,0,0,1,0,0,1
3336,1,1,1,1,0,1,1,1,1,1
2060,0,1,0,0,0,0,0,1,1,0
2219,1,1,1,1,0,1,1,1,1,1
1673,1,1,1,1,0,0,1,0,0,0
1942,0,0,0,1,1,0,0,1,1,0
260,1,0,1,0,0,1,0,0,0,0
2629,1,1,1,1,1,1,1,1,1,1
2039,1,1,1,1,0,0,0,1,1,1
689,0,0,0,1,0,1,0,1,1,1
901,1,1,1,1,0,1,1,1,1,1
2306,1,1,1,1,1,1,1,1,1,1
2026,0,1,0,0,0,0,0,0,1,0
138,0,0,0,0,0,1,0,0,0,0
1917,1,0,1,1,1,1,0,1,0,1
1828,1,0,0,1,0,0,0,0,0,0
1573,0,0,0,0,1,0,0,0,0,0
319,0,0,0,1,0,0,0,0,0,0
653,1,0,0,0,1,1,0,1,0,1
2137,0,0,0,0,0,1,0,0,0,0
2596,1,1,1,1,1,0,1,1,0,0
558,1,0,0,0,1,1,0,1,0,1
2187,0,1,1,1,1,0,0,1,1,1
112,0,0,0,0,0,0,0,1,0,0
531,1,0,0,0,1,1,0,1,0,1
224,0,0,0,0,0,0,0,1,0,0
723,1,0,0,0,0,1,1,0,0,1
2709,1,1,1,1,1,1,1,1,1,1
2871,1,0,0,0,0,0,0,0,0,1
1433,1,1,1,1,1,0,1,0,1,0
2373,1,1,1,1,0,1,1,1,1,1
3170,0,0,0,1,0,0,0,0,0,0
3151,1,0,0,0,0,0,0,0,0,0
1458,1,1,1,1,1,0,1,0,1,0
3017,0,1,1,0,0,0,0,1,1,0
846,1,1,0,1,0,0,1,1,1,1
193,0,1,1,1,0,0,0,1,1,1
1464,1,1,1,1,1,0,1,0,1,0
946,0,0,0,1,0,0,0,0,0,0
2021,1,1,1,1,0,1,0,0,1,1
1629,1,1,1,1,0,0,1,0,0,0
117,1,0,0,0,0,1,0,0,0,1
645,1,0,0,0,1,1,0,1,0,1
1870,0,1,1,0,0,0,0,1,1,0
3,1,0,0,0,1,1,0,0,0,0
74,1,1,1,1,0,0,0,0,0,0
1755,0,0,1,0,1,0,0,0,1,1
467,1,0,0,0,1,1,0,1,0,1
5,1,0,0,0,1,1,0,0,0,0
1246,0,1,0,0,0,0,1,1,0,1
919,1,1,1,1,0,1,1,1,1,1
228,0,0,0,0,0,0,0,1,0,0
1063,0,0,0,0,1,0,0,0,1,0
242,0,0,1,0,0,0,0,1,0,0
2551,0,0,0,1,0,0,0,0,1,1
1160,1,0,0,1,1,0,0,0,0,0
2807,0,0,0,0,0,0,0,1,0,0
2503,1,1,1,1,0,1,0,1,1,1
1526,1,1,1,1,1,0,1,0,1,0
1605,1,0,1,0,0,0,0,0,0,0
3113,0,0,1,0,1,0,0,0,0,0
3325,0,1,0,0,0,0,0,0,0,0
2602,1,1,1,1,1,0,1,1,0,0
2843,0,0,1,1,0,0,0,0,0,0
1989,0,0,0,0,0,1,0,1,1,1
2627,1,1,1,1,1,1,1,1,1,1
2362,0,0,0,0,0,0,0,0,1,0
1975,0,0,0,0,1,1,0,1,1,1
1761,1,1,0,0,0,0,1,0,0,0
1305,0,0,0,0,0,0,0,1,0,0
1541,1,0,0,1,0,0,1,0,0,1
622,1,0,0,0,1,1,0,1,0,1
2587,1,1,1,1,0,0,1,1,0,1
1493,1,1,1,1,1,0,1,0,1,0
110,0,1,0,0,0,0,0,0,0,0
2275,0,0,0,1,0,0,0,0,0,1
2536,1,1,1,1,1,1,0,0,1,1
1169,1,0,0,1,1,0,0,0,0,0
2746,1,0,0,1,1,0,0,1,0,0
232,0,0,0,1,0,0,0,0,1,1
66,0,0,1,0,0,0,0,1,0,0
3024,0,0,1,0,0,0,0,0,1,0
2072,1,0,0,0,0,1,0,0,0,0
2192,0,0,1,0,0,0,0,1,0,1
536,1,0,0,0,1,1,0,1,0,1
125,0,1,1,1,0,0,0,1,1,1
2133,0,0,0,0,0,1,0,0,0,0
1254,0,0,0,0,0,0,1,0,0,0
2772,0,0,0,0,0,0,0,0,0,1
1976,0,0,0,0,1,1,0,1,1,1
3314,0,0,0,1,0,0,0,0,0,1
2601,1,1,1,1,1,0,1,1,0,0
2075,1,1,1,1,0,1,0,0,0,0
484,1,0,0,0,1,1,0,1,0,1
1654,1,1,1,1,0,0,1,0,0,0
2989,0,0,0,0,0,0,0,1,0,0
2953,0,0,0,0,1,0,0,0,0,0
2683,1,1,1,1,1,0,0,1,1,0
1774,1,1,0,0,0,0,1,0,0,0
2410,1,0,0,0,0,0,0,1,0,0
918,1,1,1,1,0,1,1,1,1,1
1646,1,1,1,1,0,0,1,0,0,0
1026,0,0,0,0,0,0,0,1,0,0
1030,0,0,0,0,1,0,0,0,0,0
882,1,1,0,1,0,0,1,1,1,1
1335,0,0,0,0,0,0,1,0,0,0
2488,1,1,1,1,1,1,0,1,1,1
364,1,1,1,1,1,0,0,0,0,0
2125,0,0,0,0,0,1,0,0,0,0
27,0,1,0,0,0,1,0,0,0,1
473,1,0,0,0,1,1,0,1,0,1
525,1,0,0,0,1,1,0,1,0,1
725,0,0,0,1,0,0,0,0,1,1
55,0,0,1,0,0,0,0,1,0,0
638,1,0,0,0,1,1,0,1,0,1
302,0,0,1,1,0,0,0,0,0,1
2914,0,0,0,1,0,0,1,0,0,1
1276,0,0,1,1,0,0,0,1,0,0
3288,0,0,0,0,0,1,0,0,0,0
624,1,0,0,0,1,1,0,1,0,1
2055,1,0,0,0,0,1,0,0,0,1
1280,0,0,0,1,0,0,0,0,0,1
1049,0,0,0,1,0,0,0,0,0,1
336,0,1,0,1,0,0,0,0,1,1
47,1,0,0,1,0,0,0,0,0,0
106,1,0,0,0,0,0,0,0,0,0
2397,0,0,0,0,0,1,0,0,0,0
1079,1,0,0,0,0,0,0,0,0,0
2286,1,1,0,1,1,0,0,1,1,1
2261,1,1,1,1,0,1,1,1,0,1
1144,0,0,0,0,1,0,0,0,0,0
2664,1,1,1,1,1,1,1,1,1,1
2296,1,0,0,0,0,0,0,0,0,0
1836,0,0,0,0,1,0,0,0,0,0
1753,0,0,1,1,0,0,0,1,0,1
1101,0,0,1,0,0,0,0,0,0,0
1968,1,1,1,1,0,1,1,1,1,1
3063,1,1,1,1,1,1,0,0,1,0
523,1,0,0,0,1,1,0,1,0,1
2280,0,0,0,0,0,0,0,1,1,0
1428,1,1,1,1,1,0,1,0,1,0
2913,0,0,0,1,0,0,1,0,0,1
603,1,0,0,0,1,1,0,1,0,1
1489,1,1,1,1,1,0,1,0,1,0
2626,1,1,1,1,1,1,1,1,1,1
60,0,0,1,0,0,0,0,1,0,0
3070,0,1,0,0,1,0,0,0,1,1
671,1,0,1,1,0,1,0,1,1,1
92,0,0,0,0,0,0,0,0,1,1
666,0,0,0,0,0,0,0,1,0,1
1887,0,0,0,0,0,1,0,1,0,0
280,0,0,0,1,0,0,0,0,0,0
1719,1,1,1,1,0,0,1,0,0,0
359,1,1,1,1,1,0,0,0,0,0
899,1,1,1,1,0,1,1,1,1,1
1935,1,1,1,1,0,1,1,1,1,1
1994,0,0,0,1,0,0,0,1,0,1
2586,1,1,1,1,0,0,1,1,0,1
760,0,1,1,1,1,1,0,1,1,1
2158,0,0,0,0,0,1,0,0,0,0
2930,1,1,1,1,0,1,0,1,0,1
42,0,0,0,1,0,0,0,0,1,1
2173,0,0,1,1,0,0,0,1,0,1
204,0,0,0,1,0,0,0,0,0,1
1473,1,1,1,1,1,0,1,0,1,0
2100,0,1,1,0,0,0,1,0,1,0
68,0,0,1,0,0,0,0,1,0,0
1875,0,0,0,0,0,0,0,1,0,0
2657,1,0,1,0,1,1,0,0,0,0
2231,0,1,1,1,1,0,0,1,1,1
137,0,0,0,0,0,1,0,0,0,0
796,1,1,0,1,0,0,1,1,1,1
2180,0,0,0,0,1,1,0,0,0,0
2128,0,0,0,0,0,1,0,0,0,0
758,1,1,1,1,0,1,0,1,1,1
541,1,0,0,0,1,1,0,1,0,1
1019,0,0,0,0,0,1,0,0,1,1
2561,1,1,1,1,0,1,0,1,1,1
165,0,0,0,0,0,0,0,0,0,1
248,0,1,0,0,0,0,0,0,1,0
1331,0,0,0,0,0,0,1,0,0,0
2017,1,1,1,1,0,1,0,0,1,1
446,1,0,0,0,1,1,0,1,0,1
2482,1,1,1,1,1,1,0,1,1,1
1358,0,0,1,0,1,0,0,0,0,0
2145,0,0,0,0,0,1,0,0,0,0
1329,1,1,1,1,0,0,0,1,0,0
3250,1,0,0,0,1,0,0,1,0,0
2150,0,0,0,0,0,1,0,0,0,0
434,1,0,0,0,1,1,0,1,0,1
2122,0,0,0,0,0,1,0,0,0,0
577,1,0,0,0,1,1,0,1,0,1
2669,1,1,1,1,1,1,1,1,1,1
3062,1,1,1,1,1,1,0,0,1,0
2448,1,1,1,1,0,1,1,1,1,1
1848,0,0,0,0,1,0,0,0,0,0
762,0,1,1,1,1,1,0,1,1,1
388,1,1,1,1,0,1,0,1,1,0
235,0,0,1,0,0,0,0,1,1,0
3083,1,1,1,1,0,1,0,1,1,1
1984,1,1,1,1,1,1,1,1,1,1
267,0,0,0,0,0,0,1,0,0,0
770,0,1,1,1,0,0,0,1,0,1
2165,0,0,0,0,0,1,0,0,0,0
437,1,0,0,0,1,1,0,1,0,1
673,0,0,1,0,0,0,0,1,0,0
249,1,1,0,0,0,0,0,0,0,0
2201,0,1,1,1,0,1,0,1,0,1
1574,0,0,0,0,1,0,0,0,0,0
2142,0,0,0,0,0,1,0,0,0,0
2081,0,0,0,1,0,1,0,0,1,0
2925,0,0,0,0,0,0,0,0,1,0
3028,1,0,0,0,0,0,0,0,0,0
3168,0,0,0,1,0,0,0,0,0,0
448,1,0,0,0,1,1,0,1,0,1
1469,1,1,1,1,1,0,1,0,1,0
716,0,0,1,0,0,0,0,0,0,1
2676,1,1,1,1,1,1,1,1,1,1
2921,1,1,0,0,0,1,1,1,1,1
2048,0,0,0,1,0,0,0,1,1,1
1901,0,0,0,0,1,0,1,0,1,0
2788,0,0,0,0,1,0,0,0,0,0
1168,1,0,0,1,1,0,0,0,0,0
82,1,1,1,1,0,0,0,0,0,1
2704,1,1,1,1,1,1,1,1,1,1
1460,1,1,1,1,1,0,1,0,1,0
1893,0,1,0,0,0,0,0,1,1,0
1668,1,1,1,1,0,0,1,0,0,0
2000,1,1,1,1,0,1,1,1,1,1
475,1,0,0,0,1,1,0,1,0,1
517,1,0,0,0,1,1,0,1,0,1
404,0,1,0,1,0,0,1,1,0,0
384,0,0,0,0,0,0,0,0,0,1
2714,1,1,1,1,0,1,1,1,1,1
2152,0,0,0,0,0,1,0,0,0,0
1633,1,1,1,1,0,0,1,0,0,0
3191,0,0,0,1,0,0,0,0,0,0
688,0,0,0,1,0,1,0,1,1,1
1240,0,0,0,0,0,0,1,0,1,0
62,0,0,1,0,0,0,0,1,0,0
852,1,1,0,1,0,0,1,1,1,1
3072,0,1,0,0,1,0,0,0,1,1
2764,0,0,0,0,0,0,0,0,0,1
1262,0,0,0,1,0,0,0,0,0,1
223,0,0,0,0,0,0,0,1,0,0
2193,0,0,0,1,0,0,0,0,0,0
373,1,0,1,1,0,0,0,0,0,1
1824,0,0,0,1,0,0,0,0,0,0
2832,0,0,0,0,0,0,0,1,0,0
3302,1,1,1,0,0,0,1,0,0,0
2902,1,1,1,1,1,1,0,1,1,0
2998,0,1,0,1,0,1,0,1,1,1
9,1,0,0,0,1,1,0,0,0,0
2497,0,0,0,0,0,1,0,0,0,0
1944,1,0,1,1,0,1,0,1,0,1
1838,0,0,0,0,1,0,0,0,0,0
708,1,1,1,1,0,1,1,1,1,0
255,0,0,0,0,0,1,0,1,1,0
1617,0,0,1,0,1,0,0,0,0,0
389,1,1,1,1,0,1,0,1,1,0
1581,0,0,0,0,0,0,0,0,1,0
924,1,1,1,1,0,1,1,1,1,1
2508,1,1,1,1,0,1,0,1,1,1
2036,1,1,1,1,0,0,0,1,1,1
2726,1,1,1,1,0,1,1,1,0,1
1224,1,1,0,1,0,0,0,0,0,0
2549,0,0,0,1,0,0,0,0,1,1
1946,1,1,0,1,1,1,1,1,1,0
739,1,0,1,1,0,1,0,1,1,1
40,0,0,0,1,0,0,0,0,1,1
868,1,1,0,1,0,0,1,1,1,1
539,1,0,0,0,1,1,0,1,0,1
2802,0,0,0,0,1,0,0,0,0,0
1371,0,0,1,0,1,0,0,0,0,0
1145,0,0,0,1,0,1,0,0,0,0
1031,0,0,0,0,0,0,0,0,1,0
372,1,0,1,1,0,0,0,0,0,1
667,0,1,0,1,1,1,0,1,1,1
357,1,1,1,1,1,0,0,0,0,0
967,0,0,1,0,0,0,0,0,0,0
1353,0,0,0,0,0,0,0,1,1,0
1035,0,0,0,0,0,0,0,0,1,0
470,1,0,0,0,1,1,0,1,0,1
1396,0,0,0,1,0,1,0,1,0,1
2928,1,1,1,1,0,1,0,1,0,1
1549,0,1,0,1,0,1,0,1,1,0
1256,0,0,1,0,0,0,0,0,0,0
2094,0,0,0,0,0,0,1,0,0,1
1555,1,0,0,0,0,0,1,0,0,0
2892,1,1,1,1,0,0,0,1,0,0
1250,1,1,1,1,0,0,0,1,0,0
1699,1,1,1,1,0,0,1,0,0,0
1252,1,1,1,1,0,0,0,1,0,0
3109,0,0,1,0,1,0,0,0,0,0
79,1,1,1,1,0,0,0,0,0,0
1172,0,1,1,0,0,1,0,1,1,0
814,1,1,0,1,0,0,1,1,1,1
1852,0,0,0,0,1,0,0,0,0,0
2220,1,1,1,1,0,1,1,1,1,1
2937,0,0,0,0,0,0,1,1,0,0
2105,0,1,1,0,0,0,0,0,1,0
133,0,0,1,0,1,0,0,0,0,0
1140,0,0,1,1,0,0,0,0,0,0
933,1,1,1,1,0,1,1,1,1,1
928,0,0,0,0,0,1,0,0,0,0
823,1,1,0,1,0,0,1,1,1,1
1531,1,1,1,1,1,0,1,0,1,0
1214,0,1,0,0,0,0,0,0,0,0
504,1,0,0,0,1,1,0,1,0,1
3311,1,0,1,1,0,0,1,1,0,0
2395,0,0,0,0,0,1,0,0,0,0
1996,0,0,0,1,0,0,0,1,0,1
2434,0,0,1,0,0,0,0,0,0,1
1958,0,0,0,0,0,0,1,0,0,0
1384,0,0,1,0,1,0,0,0,0,0
894,1,1,1,1,0,1,1,1,1,1
828,1,1,0,1,0,0,1,1,1,1
3260,0,1,0,0,0,1,0,1,0,0
2523,0,0,0,0,0,0,0,1,0,0
1683,1,1,1,1,0,0,1,0,0,0
2876,0,0,1,0,0,1,0,0,0,0
2857,0,0,1,1,0,0,0,1,1,1
2805,1,1,1,1,0,0,0,0,1,1
652,1,0,0,0,1,1,0,1,0,1
172,0,0,0,0,0,1,0,0,0,0
38,0,0,0,1,0,0,0,0,1,1
3193,0,0,0,1,0,0,0,0,0,0
713,0,1,0,0,0,0,0,0,1,0
90,0,0,0,1,0,0,0,0,0,0
3298,0,0,0,1,0,1,0,1,0,0
1205,0,0,0,0,0,0,0,1,0,0
2761,1,1,1,1,0,1,0,1,1,1
3299,0,0,0,1,0,1,0,1,0,0
1827,0,0,0,0,1,0,0,0,0,0
1155,0,0,0,0,0,0,0,0,1,1
1324,1,1,1,1,0,0,0,0,0,1
216,1,0,0,0,0,1,0,0,0,0
510,1,0,0,0,1,1,0,1,0,1
1680,1,1,1,1,0,0,1,0,0,0
499,1,0,0,0,1,1,0,1,0,1
3256,1,0,0,0,1,0,0,1,0,0
1856,0,0,0,1,0,0,0,0,0,1
1388,0,0,0,0,1,0,0,0,0,0
1519,1,1,1,1,1,0,1,0,1,0
2386,0,0,0,0,0,1,0,0,0,0
3040,1,1,1,1,1,1,0,0,1,0
2076,1,1,1,1,0,1,0,0,0,0
1540,0,1,0,0,0,0,0,0,0,0
1217,0,0,0,0,0,1,0,1,0,0
2681,1,1,1,1,1,0,0,1,1,0
1416,1,1,1,1,1,0,1,0,1,0
2217,1,1,1,1,0,1,1,1,1,1
2812,1,0,0,0,0,0,0,0,0,0
1676,1,1,1,1,0,0,1,0,0,0
1197,0,0,0,1,0,0,0,0,0,0
1542,1,0,0,1,0,0,1,0,0,1
2539,0,0,0,1,0,0,0,0,1,1
953,0,0,0,0,0,0,0,0,0,1
2635,1,1,1,1,1,1,1,1,1,1
750,1,1,1,1,0,1,1,1,1,0
2705,1,1,1,1,1,1,1,1,1,1
234,0,0,1,0,0,0,0,1,1,0
732,1,0,0,1,0,1,1,1,1,1
3340,1,0,0,0,0,0,0,0,0,0
1156,1,0,0,1,1,0,0,0,0,0
2940,0,1,0,0,0,0,0,1,0,0
2445,0,0,0,0,0,1,0,1,1,0
1209,0,0,0,0,1,0,0,0,0,0
1065,0,0,0,0,0,0,0,1,0,1
2156,0,0,0,0,0,1,0,0,0,0
1062,0,0,0,0,0,0,0,0,0,1
2616,0,0,0,1,0,0,1,0,0,0
1167,0,1,1,0,0,1,0,1,1,0
1492,1,1,1,1,1,0,1,0,1,0
2762,1,1,1,1,0,1,0,1,1,1
884,1,1,0,1,0,0,1,1,1,1
143,1,1,0,1,0,1,1,0,1,1
3285,1,1,1,1,1,1,1,0,1,0
850,1,1,0,1,0,0,1,1,1,1
717,0,0,1,0,0,0,0,0,0,1
3173,0,0,0,1,0,0,0,0,0,0
2502,1,1,1,1,0,1,0,1,1,1
264,0,0,0,0,0,0,0,1,0,1
75,1,1,1,1,0,0,0,0,0,0
2492,1,0,1,1,0,0,0,1,1,1
395,1,1,1,1,0,0,1,0,0,0
2844,0,0,1,1,0,1,0,1,0,1
2224,1,1,1,1,0,1,1,1,1,1
3128,1,1,1,1,0,1,0,1,0,1
396,1,1,1,1,0,0,1,0,0,0
1365,0,0,0,0,1,0,0,0,0,0
2791,0,0,0,0,1,0,0,0,0,0
1903,0,0,0,0,1,0,1,0,1,0
595,1,0,0,0,1,1,0,1,0,1
2109,0,1,0,0,0,0,1,1,0,0
1296,0,0,0,1,0,0,0,0,1,0
1821,0,0,0,0,0,0,0,0,0,1
872,1,1,0,1,0,0,1,1,1,1
3251,1,0,0,0,1,0,0,1,0,0
2326,0,0,0,0,0,0,1,0,0,0
1548,1,0,0,1,0,0,1,0,0,1
36,0,0,0,1,0,0,0,0,1,1
2710,1,1,1,1,1,1,1,1,1,1
2822,0,0,0,1,0,0,0,0,0,0
2143,0,0,0,0,0,1,0,0,0,0
2855,0,0,0,0,0,0,0,0,0,1
977,0,0,0,0,0,0,0,0,1,0
1571,0,0,0,0,1,0,0,0,0,0
1122,0,1,0,1,0,0,0,0,0,0
2786,1,1,1,1,0,0,1,1,1,1
2239,1,0,1,1,1,0,1,1,0,0
2504,1,1,1,1,0,1,0,1,1,1
1892,1,1,1,1,1,1,1,1,1,1
675,0,1,0,0,0,0,0,0,0,1
728,0,0,1,1,0,1,1,1,1,1
412,1,1,0,0,0,0,0,0,0,0
1516,1,1,1,1,1,0,1,0,1,0
1649,1,1,1,1,0,0,1,0,0,0
825,1,1,0,1,0,0,1,1,1,1
616,1,0,0,0,1,1,0,1,0,1
114,1,1,0,1,0,0,0,0,0,1
417,1,1,0,0,0,0,0,0,0,0
1625,1,1,1,1,0,0,1,0,0,0
2652,1,1,1,1,1,1,1,1,1,1
3281,1,1,1,1,0,0,0,1,1,0
89,1,1,0,1,0,1,0,0,1,0
2924,1,1,0,0,0,1,1,1,1,1
2082,0,0,0,1,0,1,0,0,1,0
753,1,1,1,1,0,1,1,1,1,0
2546,0,0,0,1,0,0,0,0,1,1
1630,1,1,1,1,0,0,1,0,0,0
11,1,0,0,1,0,1,1,0,0,1
2444,0,0,0,0,0,1,0,0,1,1
284,1,0,0,0,0,0,0,0,0,0
1066,0,0,0,0,0,1,0,0,0,0
1191,0,1,0,0,0,0,0,1,0,1
1440,1,1,1,1,1,0,1,0,1,0
3131,0,0,0,1,0,0,0,1,0,0
3130,1,1,1,1,0,1,0,1,0,1
2738,1,0,0,1,1,0,0,1,0,0
3027,1,0,0,0,0,0,0,0,0,0
1568,0,0,0,0,1,0,0,0,0,0
2427,1,0,0,1,0,1,1,0,1,0
2737,1,0,0,1,1,0,0,1,0,0
3304,1,1,1,0,0,0,1,0,0,0
1687,1,1,1,1,0,0,1,0,0,0
851,1,1,0,1,0,0,1,1,1,1
2207,0,0,0,1,0,0,0,0,0,1
895,1,1,1,1,0,1,1,1,1,1
496,1,0,0,0,1,1,0,1,0,1
2305,1,1,1,1,1,1,1,1,1,1
1782,0,0,0,0,1,0,0,0,1,0
335,1,0,0,1,0,0,0,0,0,1
515,1,0,0,0,1,1,0,1,0,1
1348,0,0,1,0,0,0,0,0,0,0
1015,0,0,1,1,0,0,0,1,0,0
2816,1,0,0,0,0,0,0,0,0,0
3138,0,0,0,1,0,0,0,1,0,0
3133,0,0,0,1,0,0,0,1,0,0
2809,1,1,0,1,0,0,0,1,0,0
1781,0,1,0,1,0,0,0,0,0,1
2569,1,1,1,1,0,1,0,1,1,1
1785,1,0,0,0,0,0,0,0,0,1
2070,0,0,0,0,0,0,0,1,0,0
356,1,1,1,1,1,0,0,0,0,0
3184,0,0,0,1,0,0,0,0,0,0
1312,0,0,0,1,0,0,0,0,0,0
1635,1,1,1,1,0,0,1,0,0,0
550,1,0,0,0,1,1,0,1,0,1
2388,0,0,0,0,0,1,0,0,0,0
2479,1,1,1,1,1,1,0,1,1,1
2521,0,0,0,0,0,0,0,1,0,0
2265,1,1,1,1,0,1,1,1,0,1
1227,0,0,0,0,0,1,0,0,0,0
2993,0,1,0,1,0,1,0,1,1,1
957,1,0,1,0,0,0,0,0,0,0
1773,1,1,0,0,0,0,1,0,0,0
2141,0,0,0,0,0,1,0,0,0,0
1008,0,0,0,0,1,0,0,0,0,0
1092,1,0,0,0,0,1,0,0,0,0
2987,0,0,0,0,0,0,0,0,1,0
2744,1,0,0,1,1,0,0,1,0,0
996,0,1,0,0,0,0,0,0,0,0
1679,1,1,1,1,0,0,1,0,0,0
153,0,0,0,1,0,0,0,0,0,1
3111,0,0,1,0,1,0,0,0,0,0
2837,1,1,1,0,0,0,0,1,1,1
580,1,0,0,0,1,1,0,1,0,1
1470,1,1,1,1,1,0,1,0,1,0
703,0,0,0,0,0,0,0,1,1,0
1212,0,0,0,0,0,0,0,0,0,1
896,1,1,1,1,0,1,1,1,1,1
487,1,0,0,0,1,1,0,1,0,1
559,1,0,0,0,1,1,0,1,0,1
1141,0,0,0,0,0,0,0,0,0,1
1119,0,0,0,0,0,0,0,0,0,1
2849,1,1,1,1,0,1,1,1,1,1
512,1,0,0,0,1,1,0,1,0,1
633,1,0,0,0,1,1,0,1,0,1
2887,0,0,1,1,0,0,0,1,0,0
1664,1,1,1,1,0,0,1,0,0,0
1012,0,0,0,0,1,0,0,0,0,0
1931,1,1,1,1,0,1,1,1,1,1
1150,0,0,0,1,1,1,0,0,0,0
2838,1,1,0,0,0,1,0,0,1,0
3135,0,0,0,1,0,0,0,1,0,0
116,0,0,0,0,1,0,0,0,0,0
740,1,1,1,1,0,1,0,1,1,1
3087,1,1,1,1,0,1,0,1,1,1
1974,0,0,0,0,1,1,0,1,1,1
1081,0,0,1,0,0,0,0,0,0,0
1810,1,1,1,0,0,0,0,0,0,0
830,1,1,0,1,0,0,1,1,1,1
119,1,0,1,1,1,1,1,1,1,1
656,1,0,0,0,1,1,0,1,0,1
3052,1,1,1,1,1,1,0,0,1,0
3006,0,0,0,0,0,0,0,1,0,1
3272,0,1,0,0,0,0,0,1,0,0
635,1,0,0,0,1,1,0,1,0,1
369,0,1,0,0,0,0,0,0,1,0
268,0,0,0,0,0,0,1,0,0,0
2703,1,1,1,1,1,1,1,1,1,1
2870,1,0,0,0,0,0,0,0,0,1
46,1,0,0,1,0,0,0,0,0,0
991,0,0,0,0,0,0,0,0,0,1
876,1,1,0,1,0,0,1,1,1,1
773,0,0,1,0,0,0,1,1,0,0
1219,1,0,1,0,0,0,0,0,0,0
1126,0,1,0,1,0,1,0,1,0,1
4,1,0,0,0,1,1,0,0,0,0
1595,0,0,0,0,0,1,0,1,0,0
2311,1,1,0,1,0,0,0,0,0,0
3205,0,0,0,1,0,0,0,0,0,0
2491,0,0,0,0,0,0,0,0,0,1
1077,0,0,0,0,0,0,0,0,0,1
837,1,1,0,1,0,0,1,1,1,1
681,0,0,0,0,0,0,0,1,0,1
1715,1,1,1,1,0,0,1,0,0,0
2352,0,0,0,0,0,0,0,1,1,0
2617,0,0,0,1,0,0,0,1,0,1
2361,0,0,0,0,0,0,0,0,1,0
2197,0,0,0,1,0,0,0,0,0,1
1148,0,0,0,1,1,1,0,0,0,0
574,1,0,0,0,1,1,0,1,0,1
50,1,0,0,1,0,0,0,0,0,1
853,1,1,0,1,0,0,1,1,1,1
1982,1,1,1,1,1,1,1,1,1,1
2774,1,1,1,1,1,1,1,1,0,1
1823,1,0,1,0,1,0,1,0,0,1
833,1,1,0,1,0,0,1,1,1,1
1115,1,0,0,1,0,0,1,0,0,0
1166,0,1,1,0,0,1,0,1,1,0
2518,1,1,1,1,0,1,0,1,1,1
1906,0,0,0,0,0,1,1,0,1,1
971,0,0,0,0,0,0,0,0,1,0
2701,1,1,1,1,1,1,1,1,1,1
399,0,1,0,1,0,0,0,0,1,1
2559,1,1,1,1,0,1,0,1,1,1
2368,0,0,0,0,0,0,0,0,1,0
19,0,0,0,0,0,0,0,0,1,0
684,0,0,0,0,0,0,0,1,0,1
35,1,0,1,0,1,0,0,0,0,0
3159,0,0,0,0,0,1,0,0,0,0
2875,0,0,1,1,0,0,0,1,1,1
524,1,0,0,0,1,1,0,1,0,1
2455,0,0,1,0,0,0,0,0,0,0
920,1,1,1,1,0,1,1,1,1,1
1841,0,0,0,0,1,0,0,0,0,0
1890,1,1,1,1,1,1,1,1,1,1
537,1,0,0,0,1,1,0,1,0,1
2806,1,1,1,1,0,0,0,0,1,1
1705,1,1,1,1,0,0,1,0,0,0
3271,0,0,0,0,1,0,0,0,0,0
245,0,0,0,0,0,1,0,1,0,0
784,1,0,0,0,0,0,1,1,1,0
1409,1,1,1,1,1,0,1,0,1,0
2537,0,0,0,1,0,0,0,0,1,1
154,0,0,0,0,1,0,0,0,0,0
1686,1,1,1,1,0,0,1,0,0,0
2901,1,1,1,1,1,1,0,1,1,0
625,1,0,0,0,1,1,0,1,0,1
2733,1,1,1,1,1,1,1,1,1,1
3209,0,1,1,1,1,0,0,0,0,0
1346,0,0,0,0,0,0,0,0,1,0
569,1,0,0,0,1,1,0,1,0,1
3273,0,1,0,0,0,0,0,1,0,0
1758,0,0,1,0,0,0,0,0,0,0
1816,0,0,0,0,0,0,0,0,0,1
2065,0,0,0,0,0,1,0,1,0,1
127,1,1,1,1,1,1,0,1,1,1
3324,0,0,0,1,0,0,0,1,0,1
2006,0,1,1,0,0,1,0,1,1,0
980,0,0,0,0,0,0,0,0,1,0
3321,1,1,1,1,0,0,1,0,0,0
190,0,1,1,1,0,0,0,1,1,1
1139,1,1,0,1,0,0,0,0,0,1
992,0,0,0,0,0,1,0,0,0,1
699,0,0,0,0,0,1,0,1,1,0
606,1,0,0,0,1,1,0,1,0,1
180,0,0,1,0,0,0,0,1,0,0
301,0,0,1,1,0,0,0,0,0,1
2544,0,0,0,1,0,0,0,0,1,1
3217,0,0,0,1,0,0,0,0,0,1
1060,0,0,0,0,0,0,1,0,1,0
3149,0,1,1,0,0,0,0,1,1,0
3211,1,0,0,0,0,1,0,0,0,0
2565,1,1,1,1,0,1,0,1,1,1
1069,0,0,1,0,0,1,0,0,1,0
2524,0,0,0,0,0,0,0,1,0,0
2205,0,0,0,1,0,0,0,0,0,0
1243,0,0,1,0,0,0,0,0,0,0
16,0,0,0,0,0,0,0,0,0,1
3327,0,0,1,0,0,0,0,0,0,0
546,1,0,0,0,1,1,0,1,0,1
658,1,0,0,0,1,1,0,1,0,1
3020,1,0,0,0,0,1,0,0,1,0
3055,1,1,1,1,1,1,0,0,1,0
1504,1,1,1,1,1,0,1,0,1,0
959,0,0,0,1,0,0,0,0,0,0
2926,1,1,1,1,0,1,0,1,1,1
2331,0,0,0,0,0,0,1,0,0,0
797,1,1,0,1,0,0,1,1,1,1
225,0,0,0,0,0,0,0,1,0,0
2074,1,1,1,1,0,1,0,0,0,0
1799,1,1,1,1,0,1,0,1,1,1
2485,1,1,1,1,1,1,0,1,1,1
3307,1,1,1,0,0,0,1,0,0,0
2277,0,0,0,1,0,0,0,0,0,1
2085,1,1,1,1,1,1,1,1,1,1
1693,1,1,1,1,0,0,1,0,0,0
2797,0,0,0,0,1,0,0,0,0,0
1045,0,0,0,0,0,0,0,0,1,0
469,1,0,0,0,1,1,0,1,0,1
954,0,0,0,1,0,0,0,1,0,0
3323,1,1,1,1,0,0,0,0,0,0
2735,1,0,0,1,0,0,0,0,0,0
639,1,0,0,0,1,1,0,1,0,1
3107,0,0,1,0,1,0,0,0,0,0
1218,1,0,1,0,0,0,0,0,0,0
1158,0,1,1,0,0,1,0,1,1,0
1415,0,0,0,0,0,0,0,0,1,0
3031,1,0,0,0,0,0,0,0,0,0
1527,1,1,1,1,1,0,1,0,1,0
3261,1,0,0,1,0,0,0,0,0,0
1300,0,0,0,1,0,0,0,0,0,1
3199,0,0,0,1,0,0,0,0,0,0
2848,1,1,1,1,0,1,0,1,1,1
1603,0,0,0,0,0,0,1,0,0,0
160,0,0,0,0,0,0,0,0,0,1
1704,1,1,1,1,0,0,1,0,0,0
956,1,0,1,0,0,0,0,0,0,0
2869,1,1,0,0,1,1,0,0,1,0
3255,1,0,0,0,1,0,0,1,0,0
877,1,1,0,1,0,0,1,1,1,1
1919,1,0,1,1,1,1,0,1,0,1
2961,1,1,0,0,0,1,0,1,1,0
1884,1,0,0,0,0,0,0,0,0,0
2200,0,1,1,1,0,1,0,1,0,1
98,0,0,0,1,0,1,0,1,0,0
3349,1,1,1,1,0,0,1,0,0,0
2557,0,0,0,1,0,0,0,0,0,0
253,0,0,0,0,0,1,0,0,0,1
103,0,0,0,0,0,1,0,0,0,0
1445,0,0,0,0,0,0,0,0,1,0
1443,1,1,1,1,1,0,1,0,1,0
1648,1,1,1,1,0,0,1,0,0,0
586,1,0,0,0,1,1,0,1,0,1
627,1,0,0,0,1,1,0,1,0,1
1696,1,1,1,1,0,0,1,0,0,0
2101,0,1,0,0,1,0,0,0,0,0
2199,0,1,1,1,0,1,0,1,0,1
403,0,1,0,0,0,0,1,0,1,1
1154,1,0,0,1,0,1,0,0,0,0
2255,1,1,1,1,0,0,1,0,1,1
2863,1,1,0,0,1,1,0,0,1,0
1682,1,1,1,1,0,0,1,0,0,0
2056,0,1,0,0,1,0,0,0,1,0
3176,0,0,0,1,0,0,0,0,0,0
452,1,0,0,0,1,1,0,1,0,1
2301,1,1,1,1,1,1,1,1,1,1
1327,1,1,1,1,0,0,0,0,0,1
2944,0,1,0,0,0,0,0,1,0,0
2049,0,0,0,1,0,0,0,1,1,1
880,1,1,0,1,0,0,1,1,1,1
3258,0,1,0,0,0,1,0,1,0,0
623,1,0,0,0,1,1,0,1,0,1
2393,0,0,0,0,0,1,0,0,0,0
3098,0,1,1,1,0,1,0,1,1,1
1787,0,0,0,0,0,0,0,0,0,1
262,0,0,0,0,0,0,0,1,0,1
1634,1,1,1,1,0,0,1,0,0,0
1438,1,1,1,1,1,0,1,0,1,0
2198,0,1,1,1,0,1,0,1,0,1
1969,1,1,1,1,0,1,1,1,1,1
2520,1,1,1,1,0,1,0,1,1,1
1802,1,0,1,1,0,1,0,0,1,1
640,1,0,0,0,1,1,0,1,0,1
3335,1,0,0,1,0,0,0,0,0,0
2385,0,0,0,0,0,1,0,0,0,0
2598,1,1,1,1,1,0,1,1,0,0
3160,0,0,0,0,0,1,0,0,0,0
1959,0,0,0,0,0,0,1,0,0,0
2976,1,1,1,0,0,0,0,1,1,0
488,1,0,0,0,1,1,0,1,0,1
1843,0,0,0,0,1,0,0,0,0,0
1734,1,1,1,0,0,0,0,0,0,0
2911,0,0,1,0,1,0,0,0,0,0
146,0,0,0,1,0,0,0,0,0,1
1534,1,1,1,1,1,0,1,0,1,0
1986,1,1,1,1,1,1,1,1,1,1
1369,0,0,1,0,1,0,0,0,0,0
2450,1,1,1,1,0,1,1,1,1,1
3277,0,1,0,0,0,0,0,0,0,0
3002,0,1,0,0,0,0,0,0,0,0
2811,0,0,1,1,0,0,0,0,0,1
659,1,0,0,0,1,1,0,1,0,1
1794,1,1,1,1,0,1,0,1,1,1
2511,1,1,1,1,0,1,0,1,1,1
186,0,0,0,0,0,0,0,0,1,0
1147,0,0,0,1,1,1,0,0,0,0
608,1,0,0,0,1,1,0,1,0,1
2191,0,0,1,0,0,0,0,1,0,1
2799,0,0,0,0,1,0,0,0,0,0
1930,1,1,1,1,0,1,1,1,1,1
3029,1,0,0,0,0,0,0,0,0,0
197,0,1,1,1,0,0,0,1,1,1
2931,1,1,1,1,0,1,0,1,0,1
2327,0,0,0,0,0,0,1,0,0,0
293,1,1,1,1,0,1,0,1,1,1
766,1,0,0,0,0,1,0,0,1,0
400,0,1,0,0,0,0,1,0,1,1
122,1,0,0,0,0,1,0,1,1,1
202,0,0,0,0,0,1,0,1,0,1
835,1,1,0,1,0,0,1,1,1,1
2294,1,1,1,1,0,0,1,1,1,1
1439,1,1,1,1,1,0,1,0,1,0
1733,0,0,0,0,0,0,1,1,1,1
1695,1,1,1,1,0,0,1,0,0,0
3268,0,0,0,0,0,0,0,1,1,1
1707,1,1,1,1,0,0,1,0,0,0
3253,1,0,0,0,1,0,0,1,0,0
1153,0,0,0,1,0,1,0,0,0,0
1661,1,1,1,1,0,0,1,0,0,0
2432,1,1,0,0,0,0,0,1,1,1
1759,1,1,1,1,0,0,1,0,0,0
854,1,1,0,1,0,0,1,1,1,1
1589,1,1,1,0,0,0,0,0,0,0
2267,1,1,1,1,0,1,1,1,1,1
641,1,0,0,0,1,1,0,1,0,1
1,1,1,0,0,0,0,0,0,0,0
2160,0,0,0,0,0,1,0,0,0,0
698,0,0,0,0,0,1,0,1,1,0
2999,0,0,0,0,0,0,1,0,0,0
1636,1,1,1,1,0,0,1,0,0,0
1291,0,0,0,0,0,0,0,0,0,1
3188,0,0,0,1,0,0,0,0,0,0
2489,1,1,1,1,1,1,0,1,1,1
1520,1,1,1,1,1,0,1,0,1,0
1853,0,0,1,1,0,0,1,0,1,0
1136,0,0,0,0,0,0,0,0,0,1
3237,0,0,0,1,0,0,0,0,0,1
1631,1,1,1,1,0,0,1,0,0,0
1998,1,1,1,1,0,1,1,1,1,1
663,1,0,0,0,1,1,0,1,0,1
683,0,0,0,0,0,0,0,1,0,1
1257,0,0,0,0,0,0,0,0,0,1
317,0,0,0,1,0,0,0,0,0,0
648,1,0,0,0,1,1,0,1,0,1
1434,1,1,1,1,1,0,1,0,1,0
1479,1,1,1,1,1,0,1,0,1,0
709,1,1,1,1,0,1,1,1,1,0
1282,0,0,0,0,0,0,0,0,0,1
1768,1,0,0,0,0,0,1,0,0,0
972,0,0,0,0,0,0,0,0,1,0
2675,1,1,1,1,1,1,1,1,1,1
2680,1,1,1,1,1,0,0,1,1,0
1306,0,0,0,0,0,0,0,0,1,0
1400,0,0,0,0,0,0,1,0,0,0
1408,1,1,1,1,1,0,1,0,1,0
2237,0,1,1,1,1,0,0,1,1,1
1496,1,1,1,1,1,0,1,0,1,0
2038,1,1,1,1,0,0,0,1,1,1
1529,1,1,1,1,1,0,1,0,1,0
1663,1,1,1,1,0,0,1,0,0,0
1354,0,0,0,0,0,0,0,1,1,0
3264,1,0,0,1,0,0,0,0,0,0
3287,0,0,0,0,0,1,0,0,0,0
1643,1,1,1,1,0,0,1,0,0,0
1051,0,0,0,0,0,1,0,0,0,0
795,1,0,0,0,0,0,1,1,1,0
2693,1,1,1,1,1,1,1,1,1,1
3060,1,1,1,1,1,1,0,0,1,0
1597,0,0,0,0,0,1,0,1,0,0
2604,1,1,1,1,1,0,1,1,0,0
2729,1,1,1,1,0,1,1,1,0,1
2625,1,1,1,1,1,1,1,1,1,1
1819,0,0,0,0,1,0,1,0,0,1
3157,0,1,0,1,0,0,1,0,0,0
1722,1,1,1,1,0,0,1,0,0,0
1183,0,1,1,0,0,1,0,1,1,0
2572,1,1,0,1,0,1,1,0,1,0
1059,0,0,1,0,0,0,0,0,0,0
540,1,0,0,0,1,1,0,1,0,1
1678,1,1,1,1,0,0,1,0,0,0
2796,0,0,0,0,1,0,0,0,0,0
3226,0,0,0,1,0,0,0,0,0,1
2532,1,1,1,1,1,1,0,0,1,1
1757,1,1,1,1,0,0,1,1,1,0
1923,1,1,0,0,0,1,0,0,1,0
95,1,0,0,0,0,0,0,0,0,0
1020,0,0,0,0,0,1,0,0,1,1
563,1,0,0,0,1,1,0,1,0,1
2790,0,0,0,0,1,0,0,0,0,0
863,1,1,0,1,0,0,1,1,1,1
1484,1,1,1,1,1,0,1,0,1,0
2939,0,1,0,0,0,0,0,1,0,0
1881,1,0,0,0,0,0,0,0,0,0
1038,0,0,1,0,0,0,0,0,0,0
206,0,1,0,1,0,0,0,0,1,1
392,0,0,0,0,0,0,0,1,1,0
2842,0,0,1,0,0,0,0,0,1,0
870,1,1,0,1,0,0,1,1,1,1
397,1,1,1,1,0,0,1,0,0,0
2814,0,0,0,1,0,0,1,1,1,1
3215,0,1,0,0,0,0,0,0,0,0
1028,0,0,0,1,0,0,0,0,0,0
2690,1,1,1,1,1,1,1,1,1,1
1485,1,1,1,1,1,0,1,0,1,0
2660,1,1,1,1,1,1,1,1,1,1
960,0,1,0,0,0,1,1,1,0,1
1570,0,0,0,0,1,0,0,0,0,0
2773,1,1,1,1,0,0,1,1,1,1
1895,0,0,0,0,0,0,0,0,1,0
2731,1,1,1,1,0,1,1,1,0,1
2146,0,0,0,0,0,1,0,0,0,0
804,1,1,0,1,0,0,1,1,1,1
1751,0,1,1,0,0,0,1,0,0,0
2454,0,0,0,0,1,0,1,0,0,0
502,1,0,0,0,1,1,0,1,0,1
3119,1,1,0,0,1,0,0,1,0,0
3104,1,0,0,0,1,0,0,0,0,0
2977,1,1,1,0,0,0,0,1,1,0
779,1,0,0,0,0,0,1,1,1,0
1863,0,0,0,0,0,0,0,0,0,1
200,1,0,1,1,0,0,0,0,1,0
2182,0,0,0,0,1,1,0,0,0,0
3099,0,1,1,1,0,1,0,1,1,1
2088,0,0,0,0,0,0,1,0,0,1
3065,0,1,0,0,1,0,0,0,1,1
2278,0,0,0,0,0,0,0,1,1,0
1796,1,1,1,1,0,1,0,1,1,1
378,0,0,0,0,0,0,0,1,0,0
2336,1,1,1,0,0,1,1,1,1,1
418,1,1,0,0,0,0,0,0,0,0
1698,1,1,1,1,0,0,1,0,0,0
391,1,1,1,1,0,1,0,1,1,0
2640,1,1,1,1,1,1,1,1,1,1
1522,1,1,1,1,1,0,1,0,0,0
1162,0,1,1,0,0,1,0,1,1,0
3134,0,0,0,1,0,0,0,1,0,0
1495,1,1,1,1,1,0,1,0,1,0
2695,1,1,1,1,1,1,1,1,1,1
2027,0,0,1,1,0,1,0,1,1,1
1152,0,0,0,1,1,1,0,0,0,0
1367,0,0,1,0,1,0,0,0,0,0
2568,1,1,1,1,0,1,0,1,1,1
64,0,0,1,0,0,0,0,1,0,0
2062,0,0,0,0,0,0,0,1,0,0
1180,1,0,0,1,1,0,0,0,0,0
3112,0,0,1,0,1,0,0,0,0,0
492,1,0,0,0,1,1,0,1,0,1
379,0,0,0,1,0,0,0,0,0,1
2235,0,1,1,1,1,0,0,1,1,1
763,0,1,1,1,1,1,0,1,1,1
2264,1,1,1,1,0,1,1,1,0,1
791,1,0,0,0,0,0,1,1,1,0
1076,1,0,0,0,0,0,0,0,0,0
878,1,1,0,1,0,0,1,1,1,1
337,0,0,0,0,0,0,0,0,0,1
2767,0,0,0,0,0,0,0,0,0,1
2343,0,0,0,0,0,0,0,1,1,0
1016,0,0,1,1,0,0,0,1,0,0
1275,0,0,1,0,0,0,0,0,0,0
455,1,0,0,0,1,1,0,1,0,1
815,1,1,0,1,0,0,1,1,1,1
2317,0,0,0,1,0,1,0,0,0,1
995,0,0,0,1,0,0,0,0,0,1
1981,0,0,0,0,0,1,0,0,1,1
201,0,0,0,0,0,1,0,1,0,1
161,0,0,0,0,0,0,0,0,0,1
1579,0,0,1,0,0,0,0,1,0,0
2777,0,1,0,0,0,0,0,1,1,1
2449,1,1,1,1,0,1,1,1,1,1
702,0,1,0,0,0,0,0,1,1,0
1500,1,1,1,1,1,0,1,0,1,0
1129,1,1,1,0,0,0,0,0,0,0
2613,0,0,0,1,0,0,1,0,0,0
1021,0,0,0,0,1,0,0,0,0,0
3073,0,1,0,0,1,0,0,0,1,1
1585,1,1,1,0,0,0,0,0,0,0
1955,0,0,0,0,0,0,0,1,0,0
3152,1,0,0,0,0,0,0,0,0,0
2253,1,1,1,1,0,0,1,0,1,1
34,1,0,1,0,1,0,0,0,0,0
775,1,0,0,0,0,0,1,1,1,0
2556,0,0,0,0,0,0,0,0,1,0
1478,1,1,1,1,1,0,1,0,1,0
3003,0,1,0,0,0,0,0,0,0,0
1390,0,0,1,0,1,0,0,0,0,0
2139,0,0,0,0,0,1,0,0,0,0
1363,0,0,1,0,1,0,0,0,0,0
2945,0,1,0,0,0,0,0,1,0,0
2612,1,1,0,0,0,0,0,0,0,0
2824,0,0,1,0,0,0,0,1,1,0
2041,0,0,1,0,0,0,0,1,0,0
241,0,0,1,0,0,0,0,1,0,0
2061,0,0,0,0,0,0,0,1,0,0
2363,0,0,0,0,0,0,0,0,1,0
600,1,0,0,0,1,1,0,1,0,1
2435,0,0,1,1,1,0,0,0,0,0
1297,0,1,0,0,0,0,0,1,0,0
2214,0,0,0,1,0,0,0,0,0,1
2888,0,0,1,1,0,0,0,1,0,0
2068,0,0,1,0,0,0,0,0,0,0
646,1,0,0,0,1,1,0,1,0,1
3202,0,0,0,1,0,0,0,0,0,0
1528,1,1,1,1,1,0,1,0,1,0
2879,0,0,0,0,0,1,0,1,1,0
1267,0,0,0,0,0,0,0,0,0,1
1899,0,0,0,0,1,0,1,0,1,0
562,1,0,0,0,1,1,0,1,0,1
3310,1,0,1,0,0,0,0,1,0,0
2734,0,0,0,0,0,1,0,1,1,1
3005,0,0,0,0,0,0,0,0,0,1
189,0,1,1,1,0,0,0,1,1,1
1806,1,0,1,1,0,1,0,0,1,1
975,0,0,0,0,0,0,0,0,1,0
2747,1,0,0,1,1,0,0,1,0,0
2047,1,1,1,1,0,0,0,0,0,1
2558,1,1,1,1,0,1,0,1,1,1
1082,1,0,0,0,0,0,0,0,0,0
474,1,0,0,0,1,1,0,1,0,1
2904,1,1,1,1,1,1,0,1,1,0
747,1,1,0,1,1,1,0,1,1,0
2300,1,1,1,1,1,1,1,1,1,1
21,0,0,0,0,0,0,0,0,1,0
459,1,0,0,0,1,1,0,1,0,1
1184,0,0,0,0,1,0,0,0,0,0
2324,1,1,1,0,0,1,1,1,1,1
955,0,0,1,1,0,0,0,0,0,0
1215,0,0,1,1,0,0,1,1,1,0
2433,0,0,1,0,0,0,0,0,0,1
2853,0,0,0,0,0,0,0,0,0,1
1515,1,1,1,1,1,0,1,0,1,0
2391,0,0,0,0,0,1,0,0,0,0
769,0,1,1,1,0,0,0,1,0,1
1685,1,1,1,1,0,0,1,0,0,0
130,0,0,1,0,1,0,0,0,0,0
2919,1,1,0,0,0,1,1,1,1,1
3171,0,0,0,1,0,0,0,0,0,0
2135,0,0,0,0,0,1,0,0,0,0
1482,1,1,1,1,1,0,1,0,1,0
330,1,0,0,1,0,1,0,1,0,1
1238,1,1,1,1,0,0,0,1,0,1
466,1,0,0,0,1,1,0,1,0,1
2169,0,0,0,0,0,1,0,0,0,0
1638,1,1,1,1,0,0,1,0,0,0
3092,0,0,0,0,0,0,0,1,0,0
1095,1,0,0,0,0,0,0,0,0,0
1130,0,0,0,0,0,0,0,0,1,0
1294,0,0,0,0,0,0,0,0,0,1
860,1,1,0,1,0,0,1,1,1,1
3174,0,0,0,1,0,0,0,0,0,0
